seed,netname,use_bit_wise,use_vec_wise,pairwise_multiplication,emb_dim,bit_width,vec_width,grid,k,dataset,task,epochs,batch_size,lr,weight_decay,gamma,note,device_index,test_auc,test_logloss
42,KARSEIN,1,0,"[0, 1]",16,"[64, 32]","[6, 6]",3,1,ml-1m,CTR,15,512,0.003,1e-05,0.9,None,0,0.850493773065757,0.3188391663134098
42,KARSEIN,1,0,"[0, 1]",16,"[64, 32]","[6, 6]",3,1,ml-1m,CTR,15,512,0.003,1e-05,0.9,None,0,0.8510897002393902,0.3195266261696815
42,KARSEIN,1,1,"[0, 1]",16,"[64, 32]","[6, 6]",3,1,ml-1m,CTR,5,512,0.003,1e-05,0.9,None,0,0.852808063600518,0.3182167515158653
42,KARSEIN,1,1,"[0, 1]",16,"[64, 32]","[6, 6]",10,3,ml-1m,CTR,5,512,0.003,1e-05,0.9,None,0,0.8539757921557399,0.3173583447933197
42,KARSEIN,0,1,"[0, 1]",16,"[64, 32]","[6, 6]",10,3,ml-1m,CTR,5,512,0.003,1e-05,0.9,None,0,0.8526334274842465,0.31772312372922895
42,KARSEIN,1,1,"[0, 1]",16,"[64, 32]","[16, 16]",10,3,ml-1m,CTR,5,512,0.003,1e-05,0.9,None,0,0.8525848964282285,0.3176690757274628
42,KARSEIN,1,1,"[0, 1]",16,"[64, 64]","[6, 6]",10,3,ml-1m,CTR,5,512,0.003,1e-05,0.9,None,0,0.8516290085211391,0.31832601726055143
42,KARSEIN,1,1,"[0, 1]",16,"[64, 64]","[6, 6]",10,3,ml-1m,CTR,5,512,0.003,1e-05,0.9,None,0,0.8516196604681614,0.3183345690369606
42,KARSEIN,1,1,"[0, 1]",16,"[64, 32]","[6, 6]",10,3,ml-1m,CTR,5,512,0.003,1e-05,0.9,None,0,0.8522914235860926,0.31837759017944334
42,KARSEIN,1,1,"[0, 1]",16,"[64, 32]","[6, 6]",3,1,ml-1m,CTR,5,512,0.003,1e-05,0.9,None,0,0.8534335671316052,0.31739065051078796
42,KARSEIN,1,1,"[0, 1]",16,"[64, 32]","[6, 6]",3,1,ml-1m,CTR,5,512,0.003,1e-05,0.9,None,0,0.852799450898513,0.3182358130812645
42,KARSEIN,1,1,"[0, 1]",16,"[64, 32]","[6, 6]",10,3,ml-1m,CTR,5,512,0.003,1e-05,0.9,None,0,0.8539613890654214,0.31736665964126587
42,KARSEIN,1,1,"[0, 1]",16,"[64, 32]","[6, 6]",10,3,ml-1m,CTR,6,1024,0.002,1e-05,0.9,None,0,0.8490013541178298,0.32146477699279785
1024,KARSEIN,1,1,"[0, 1]",16,"[64, 32]","[6, 6]",10,3,ml-1m,CTR,5,512,0.003,1e-05,0.9,None,0,0.8526530218045567,0.31788909882307054
42,KARSEIN,0,1,"[0, 1]",16,"[64, 32]","[6, 6]",10,3,ml-1m,CTR,5,512,0.003,1e-05,0.9,None,0,0.852644224273398,0.31771059036254884
42,KARSEIN,1,1,"[0, 1, 2]",16,"[64, 32]","[6, 6]",10,3,ml-1m,CTR,5,512,0.003,1e-05,0.9,None,0,0.8540141020044801,0.31670110374689103
42,KARSEIN,1,1,"[0, 1, 2]",16,"[64, 32]","[6, 6]",10,3,ml-1m,CTR,5,512,0.003,1e-05,0.9,None,0,0.8597769084982814,0.3087738394737244
42,KARSEIN,1,1,"[0, 1, 2]",16,"[64, 32]","[6, 6]",10,3,ml-1m,CTR,5,512,0.003,1e-05,0.9,None,0,0.8568493612133707,0.31298564970493314
42,KARSEIN,1,1,"[0, 1, 2]",16,"[64, 32]","[6, 6]",10,3,ml-1m,CTR,5,512,0.003,1e-05,0.9,None,0,0.8537376385736046,0.31625511944293977
42,KARSEIN,1,1,"[0, 1, 2]",16,"[64, 32]","[6, 6]",10,3,ml-1m,CTR,5,512,0.003,1e-05,0.9,None,0,0.8504824213848045,0.3203847773373127
42,KARSEIN,1,1,"[0, 1, 2]",16,"[64, 32]","[6, 6]",10,3,ml-1m,CTR,5,512,0.003,1e-05,0.9,None,0,0.8540203655082828,0.3166991725564003
42,KARSEIN,1,1,"[0, 1, 2]",16,"[64, 32]","[6, 6, 6]",10,3,ml-1m,CTR,5,512,0.003,1e-05,0.9,None,0,0.8513727276712997,0.31853104680776595
42,KARSEIN,1,1,"[0, 1, 2]",16,"[64, 32]","[6, 6]",10,2,ml-1m,CTR,5,512,0.003,1e-05,0.9,None,0,0.8542913261347092,0.31643200665712357
42,KARSEIN,1,1,"[0, 1, 2]",16,"[64, 32]","[6, 6]",10,1,ml-1m,CTR,5,512,0.003,1e-05,0.9,None,0,0.8538270404257547,0.31700450032949445
42,KARSEIN,1,1,"[0, 1, 2]",32,"[64, 32]","[6, 6]",10,2,ml-1m,CTR,5,512,0.003,1e-05,0.9,None,0,0.8527806968443032,0.31881147921085357
42,KARSEIN,1,1,"[0, 1, 2]",64,"[64, 32]","[6, 6]",10,2,ml-1m,CTR,5,512,0.003,1e-05,0.9,None,0,0.8529985034268333,0.31718975454568865
42,KARSEIN,1,1,"[0, 1, 2]",16,"[32, 32]","[6, 6]",10,1,ml-1m,CTR,6,512,0.01,0.002,1e-05,0.9,None,0,0.8527959966003207,0.3178662985563278
42,KARSEIN,1,1,"[0, 1, 2]",32,"[32, 32]","[6, 6]",10,1,ml-1m,CTR,6,512,0.01,0.002,1e-05,0.9,None,0,0.8526904230218282,0.31830884218215943
42,KARSEIN,1,1,"[0, 1, 2]",16,"[32, 32]","[6, 6]",10,1,ml-1m,CTR,6,512,0.001,0.002,1e-05,0.9,None,1,0.8467603131639747,0.32248896956443784
42,KARSEIN,1,1,"[0, 1, 2]",16,"[32, 32]","[6, 6]",10,1,ml-1m,CTR,6,512,0.01,0.003,1e-05,0.9,None,0,0.8541371816166858,0.31642111092805864
42,KARSEIN,1,1,"[0, 1, 2]",32,"[32, 32]","[6, 6]",10,1,ml-1m,CTR,6,512,0.001,0.002,1e-05,0.9,None,1,0.8531071318446817,0.3176263228058815
42,KARSEIN,1,1,"[0, 1, 2]",32,"[32, 32]","[6, 6]",10,1,ml-1m,CTR,6,512,0.01,0.003,1e-05,0.9,None,0,0.8515257259076531,0.3187492311000824
42,KARSEIN,1,1,"[0, 1, 2]",16,"[32, 32]","[6, 6]",10,1,ml-1m,CTR,6,512,0.001,0.003,1e-05,0.9,None,1,0.8493909559018785,0.32065087705850603
42,KARSEIN,1,1,"[0, 1, 2]",16,"[32, 32]","[6, 6]",10,1,ml-1m,CTR,6,512,0.01,0.004,1e-05,0.9,None,0,0.8540357870827625,0.31634227484464644
42,KARSEIN,1,1,"[0, 1, 2]",32,"[32, 32]","[6, 6]",10,1,ml-1m,CTR,6,512,0.001,0.003,1e-05,0.9,None,1,0.8533129724334758,0.3176907777786255
42,KARSEIN,1,1,"[0, 1, 2]",32,"[32, 32]","[6, 6]",10,1,ml-1m,CTR,6,512,0.01,0.004,1e-05,0.9,None,0,0.8540236293726823,0.3169421285390854
42,KARSEIN,1,1,"[0, 1, 2]",16,"[32, 32]","[6, 6]",10,1,ml-1m,CTR,6,512,0.001,0.004,1e-05,0.9,None,1,0.8505354278510948,0.31970942169427874
42,KARSEIN,1,1,"[0, 1, 2]",16,"[32, 32]","[6, 6]",10,2,ml-1m,CTR,6,512,0.01,0.002,1e-05,0.9,None,0,0.852293015474163,0.318438857793808
42,KARSEIN,1,1,"[0, 1, 2]",32,"[32, 32]","[6, 6]",10,1,ml-1m,CTR,6,512,0.001,0.004,1e-05,0.9,None,1,0.8518989288570273,0.3185336351394653
42,KARSEIN,1,1,"[0, 1, 2]",32,"[32, 32]","[6, 6]",10,2,ml-1m,CTR,6,512,0.01,0.002,1e-05,0.9,None,0,0.8517049214620969,0.318914932012558
42,KARSEIN,1,1,"[0, 1, 2]",16,"[32, 32]","[6, 6]",10,2,ml-1m,CTR,6,512,0.001,0.002,1e-05,0.9,None,1,0.8523997455701734,0.3178846150636673
42,KARSEIN,1,1,"[0, 1, 2]",16,"[32, 32]","[6, 6]",10,2,ml-1m,CTR,6,512,0.01,0.003,1e-05,0.9,None,0,0.8529887433210748,0.3177097260951996
42,KARSEIN,1,1,"[0, 1, 2]",32,"[32, 32]","[6, 6]",10,2,ml-1m,CTR,6,512,0.001,0.002,1e-05,0.9,None,1,0.8518094136898597,0.31844511032104494
42,KARSEIN,1,1,"[0, 1, 2]",32,"[32, 32]","[6, 6]",10,2,ml-1m,CTR,6,512,0.01,0.003,1e-05,0.9,None,0,0.8538589246432682,0.31718233078718183
42,KARSEIN,1,1,"[0, 1, 2]",16,"[32, 32]","[6, 6]",10,2,ml-1m,CTR,6,512,0.001,0.003,1e-05,0.9,None,1,0.8535265979380438,0.3168288439512253
42,KARSEIN,1,1,"[0, 1, 2]",16,"[32, 32]","[6, 6]",10,2,ml-1m,CTR,6,512,0.01,0.004,1e-05,0.9,None,0,0.853736198853898,0.3166297823190689
42,KARSEIN,1,1,"[0, 1, 2]",32,"[32, 32]","[6, 6]",10,2,ml-1m,CTR,6,512,0.001,0.003,1e-05,0.9,None,1,0.854084651880916,0.3168651059269905
42,KARSEIN,1,1,"[0, 1, 2]",16,"[32, 32]","[6, 6]",10,2,ml-1m,CTR,6,512,0.001,0.004,1e-05,0.9,None,1,0.8522820850161439,0.31780828088521956
42,KARSEIN,1,1,"[0, 1, 2]",32,"[32, 32]","[6, 6]",10,2,ml-1m,CTR,6,512,0.01,0.004,1e-05,0.9,None,0,0.8535462766592335,0.3176421120762825
42,KARSEIN,1,1,"[0, 1, 2]",16,"[32, 32]","[6, 6]",10,3,ml-1m,CTR,6,512,0.01,0.002,1e-05,0.9,None,0,0.8528665591822289,0.31801459193229675
42,KARSEIN,1,1,"[0, 1, 2]",32,"[32, 32]","[6, 6]",10,2,ml-1m,CTR,6,512,0.001,0.004,1e-05,0.9,None,1,0.8540537026519818,0.3169406846165657
42,KARSEIN,1,1,"[0, 1, 2]",16,"[32, 32]","[6, 6]",10,3,ml-1m,CTR,6,512,0.001,0.002,1e-05,0.9,None,1,0.8530118199294845,0.31739203333854676
42,KARSEIN,1,1,"[0, 1, 2]",32,"[32, 32]","[6, 6]",10,3,ml-1m,CTR,6,512,0.01,0.002,1e-05,0.9,None,0,0.8509846058695629,0.3194599896669388
42,KARSEIN,1,1,"[0, 1, 2]",32,"[32, 32]","[6, 6]",10,3,ml-1m,CTR,6,512,0.001,0.002,1e-05,0.9,None,1,0.8516077257158416,0.31962673664093016
42,KARSEIN,1,1,"[0, 1, 2]",16,"[32, 32]","[6, 6]",10,3,ml-1m,CTR,6,512,0.01,0.003,1e-05,0.9,None,0,0.8539858784052747,0.3167725130915642
42,KARSEIN,1,1,"[0, 1, 2]",16,"[32, 32]","[6, 6]",10,3,ml-1m,CTR,6,512,0.001,0.003,1e-05,0.9,None,1,0.8538272969848153,0.31676231920719145
42,KARSEIN,1,1,"[0, 1, 2]",32,"[32, 32]","[6, 6]",10,3,ml-1m,CTR,6,512,0.01,0.003,1e-05,0.9,None,0,0.854076023879502,0.3168739378452301
42,KARSEIN,1,1,"[0, 1, 2]",32,"[32, 32]","[6, 6]",10,3,ml-1m,CTR,6,512,0.001,0.003,1e-05,0.9,None,1,0.8540083399153555,0.31679551899433134
42,KARSEIN,1,1,"[0, 1, 2]",16,"[32, 32]","[6, 6]",10,3,ml-1m,CTR,6,512,0.01,0.004,1e-05,0.9,None,0,0.8521120659111656,0.31803722828626635
42,KARSEIN,1,1,"[0, 1, 2]",16,"[32, 32]","[6, 6]",10,3,ml-1m,CTR,6,512,0.001,0.004,1e-05,0.9,None,1,0.8539373901909721,0.3164620608091354
42,KARSEIN,1,1,"[0, 1, 2]",32,"[32, 32]","[6, 6]",10,3,ml-1m,CTR,6,512,0.01,0.004,1e-05,0.9,None,0,0.8537468121874803,0.3172934055328369
42,KARSEIN,1,1,"[0, 1, 2]",16,"[32, 32]","[6, 6]",5,1,ml-1m,CTR,6,512,0.01,0.002,1e-05,0.9,None,0,0.8530799073546842,0.3175869196653366
42,KARSEIN,1,1,"[0, 1, 2]",32,"[32, 32]","[6, 6]",10,3,ml-1m,CTR,6,512,0.001,0.004,1e-05,0.9,None,1,0.8539147110569829,0.3170735165476799
42,KARSEIN,1,1,"[0, 1, 2]",32,"[32, 32]","[6, 6]",5,1,ml-1m,CTR,6,512,0.01,0.002,1e-05,0.9,None,0,0.8519451896587003,0.31829929500818255
42,KARSEIN,1,1,"[0, 1, 2]",16,"[32, 32]","[6, 6]",5,1,ml-1m,CTR,6,512,0.001,0.002,1e-05,0.9,None,1,0.8532138945077179,0.3175664782524109
42,KARSEIN,1,1,"[0, 1, 2]",16,"[32, 32]","[6, 6]",5,1,ml-1m,CTR,6,512,0.01,0.003,1e-05,0.9,None,0,0.8520907325688094,0.3179814785718918
42,KARSEIN,1,1,"[0, 1, 2]",32,"[32, 32]","[6, 6]",5,1,ml-1m,CTR,6,512,0.001,0.002,1e-05,0.9,None,1,0.8538331837015922,0.31691819727420806
42,KARSEIN,1,1,"[0, 1, 2]",32,"[32, 32]","[6, 6]",5,1,ml-1m,CTR,6,512,0.01,0.003,1e-05,0.9,None,0,0.8529372156274538,0.3175055906176567
42,KARSEIN,1,1,"[0, 1, 2]",16,"[32, 32]","[6, 6]",5,1,ml-1m,CTR,6,512,0.001,0.003,1e-05,0.9,None,1,0.8543712316351926,0.31646471470594406
42,KARSEIN,1,1,"[0, 1, 2]",16,"[32, 32]","[6, 6]",5,1,ml-1m,CTR,6,512,0.01,0.004,1e-05,0.9,None,0,0.852074192827547,0.31812920421361923
42,KARSEIN,1,1,"[0, 1, 2]",32,"[32, 32]","[6, 6]",5,1,ml-1m,CTR,6,512,0.001,0.003,1e-05,0.9,None,1,0.8533304974520297,0.3176437333226204
42,KARSEIN,1,1,"[0, 1, 2]",32,"[32, 32]","[6, 6]",5,1,ml-1m,CTR,6,512,0.01,0.004,1e-05,0.9,None,0,0.853245681780446,0.3171423882246017
42,KARSEIN,1,1,"[0, 1, 2]",16,"[32, 32]","[6, 6]",5,1,ml-1m,CTR,6,512,0.001,0.004,1e-05,0.9,None,1,0.8542268008080278,0.3166755214333534
42,KARSEIN,1,1,"[0, 1, 2]",32,"[32, 32]","[6, 6]",5,1,ml-1m,CTR,6,512,0.001,0.004,1e-05,0.9,None,1,0.8537215645470997,0.31714667975902555
42,KARSEIN,1,1,"[0, 1, 2]",16,"[32, 32]","[6, 6]",5,2,ml-1m,CTR,6,512,0.01,0.002,1e-05,0.9,None,0,0.8532778665292773,0.3174981355667114
42,KARSEIN,1,1,"[0, 1, 2]",16,"[32, 32]","[6, 6]",5,2,ml-1m,CTR,6,512,0.001,0.002,1e-05,0.9,None,1,0.8535049001559007,0.31736622005701065
42,KARSEIN,1,1,"[0, 1, 2]",32,"[32, 32]","[6, 6]",5,2,ml-1m,CTR,6,512,0.01,0.002,1e-05,0.9,None,0,0.8521683563427578,0.3181380361318588
42,KARSEIN,1,1,"[0, 1, 2]",32,"[32, 32]","[6, 6]",5,2,ml-1m,CTR,6,512,0.001,0.002,1e-05,0.9,None,1,0.8538960438137314,0.31685320734977723
42,KARSEIN,1,1,"[0, 1, 2]",16,"[32, 32]","[6, 6]",5,2,ml-1m,CTR,6,512,0.01,0.003,1e-05,0.9,None,0,0.8523134878733332,0.3178466930985451
42,KARSEIN,1,1,"[0, 1, 2]",16,"[32, 32]","[6, 6]",5,2,ml-1m,CTR,6,512,0.001,0.003,1e-05,0.9,None,1,0.8542495278820297,0.3166001081466675
42,KARSEIN,1,1,"[0, 1, 2]",32,"[32, 32]","[6, 6]",5,2,ml-1m,CTR,6,512,0.01,0.003,1e-05,0.9,None,0,0.8531893167204373,0.31734052747488023
42,KARSEIN,1,1,"[0, 1, 2]",32,"[32, 32]","[6, 6]",5,2,ml-1m,CTR,6,512,0.001,0.003,1e-05,0.9,None,1,0.8533196370324772,0.3177210927009583
42,KARSEIN,1,1,"[0, 1, 2]",16,"[32, 32]","[6, 6]",5,2,ml-1m,CTR,6,512,0.01,0.004,1e-05,0.9,None,0,0.8525887595398048,0.31789076924324033
42,KARSEIN,1,1,"[0, 1, 2]",16,"[32, 32]","[6, 6]",5,2,ml-1m,CTR,6,512,0.001,0.004,1e-05,0.9,None,1,0.8544248180164591,0.31643611639738084
42,KARSEIN,1,1,"[0, 1, 2]",32,"[32, 32]","[6, 6]",5,2,ml-1m,CTR,6,512,0.01,0.004,1e-05,0.9,None,0,0.853410542312542,0.317058739066124
42,KARSEIN,1,1,"[0, 1, 2]",32,"[32, 32]","[6, 6]",5,2,ml-1m,CTR,6,512,0.001,0.004,1e-05,0.9,None,1,0.8537529645594454,0.3171826466917992
42,KARSEIN,1,1,"[0, 1, 2]",16,"[32, 32]","[6, 6]",5,3,ml-1m,CTR,6,512,0.01,0.002,1e-05,0.9,None,0,0.8533836796401457,0.3174191042780876
42,KARSEIN,1,1,"[0, 1, 2]",16,"[32, 32]","[6, 6]",5,3,ml-1m,CTR,6,512,0.001,0.002,1e-05,0.9,None,1,0.8535011928745716,0.31742996275424956
42,KARSEIN,1,1,"[0, 1, 2]",32,"[32, 32]","[6, 6]",5,3,ml-1m,CTR,6,512,0.01,0.002,1e-05,0.9,None,0,0.8521508183251318,0.31817714124917984
42,KARSEIN,1,1,"[0, 1, 2]",32,"[32, 32]","[6, 6]",5,3,ml-1m,CTR,6,512,0.001,0.002,1e-05,0.9,None,1,0.8538638826494662,0.3168780475854874
42,KARSEIN,1,1,"[0, 1, 2]",16,"[32, 32]","[6, 6]",5,3,ml-1m,CTR,6,512,0.01,0.003,1e-05,0.9,None,0,0.853818070912921,0.31708174496889113
42,KARSEIN,1,1,"[0, 1, 2]",16,"[32, 32]","[6, 6]",5,3,ml-1m,CTR,6,512,0.001,0.003,1e-05,0.9,None,1,0.8541477573156427,0.31664497703313826
42,KARSEIN,1,1,"[0, 1, 2]",32,"[32, 32]","[6, 6]",5,3,ml-1m,CTR,6,512,0.01,0.003,1e-05,0.9,None,0,0.8533151385685815,0.31727211028337476
42,KARSEIN,1,1,"[0, 1, 2]",32,"[32, 32]","[6, 6]",5,3,ml-1m,CTR,6,512,0.001,0.003,1e-05,0.9,None,1,0.8534430273909177,0.317604660987854
42,KARSEIN,1,1,"[0, 1, 2]",16,"[32, 32]","[6, 6]",5,3,ml-1m,CTR,6,512,0.01,0.004,1e-05,0.9,None,0,0.8521312813792539,0.31822221875190737
42,KARSEIN,1,1,"[0, 1, 2]",32,"[32, 32]","[6, 6]",5,3,ml-1m,CTR,6,512,0.01,0.004,1e-05,0.9,None,0,0.8535641214025912,0.31698823124170306
42,KARSEIN,1,1,"[0, 1, 2]",16,"[32, 32]","[6, 6]",5,3,ml-1m,CTR,6,512,0.001,0.004,1e-05,0.9,None,1,0.8543026986754807,0.31645880490541456
42,KARSEIN,1,1,"[0, 1, 2]",16,"[32, 32]","[6, 6]",3,1,ml-1m,CTR,6,512,0.01,0.002,1e-05,0.9,None,0,0.8511294044247141,0.3197460904717445
42,KARSEIN,1,1,"[0, 1, 2]",32,"[32, 32]","[6, 6]",5,3,ml-1m,CTR,6,512,0.001,0.004,1e-05,0.9,None,1,0.8538135388716863,0.31709181517362595
42,KARSEIN,1,1,"[0, 1, 2]",32,"[32, 32]","[6, 6]",3,1,ml-1m,CTR,6,512,0.01,0.002,1e-05,0.9,None,0,0.8535589549120413,0.31810744404792785
42,KARSEIN,1,1,"[0, 1, 2]",16,"[32, 32]","[6, 6]",3,1,ml-1m,CTR,6,512,0.001,0.002,1e-05,0.9,None,1,0.8531937838151821,0.3176375672221184
42,KARSEIN,1,1,"[0, 1, 2]",16,"[32, 32]","[6, 6]",3,1,ml-1m,CTR,6,512,0.01,0.003,1e-05,0.9,None,0,0.8511656453694345,0.3187983423471451
42,KARSEIN,1,1,"[0, 1, 2]",32,"[32, 32]","[6, 6]",3,1,ml-1m,CTR,6,512,0.001,0.002,1e-05,0.9,None,1,0.853644864579635,0.31753990352153777
42,KARSEIN,1,1,"[0, 1, 2]",32,"[32, 32]","[6, 6]",3,1,ml-1m,CTR,6,512,0.01,0.003,1e-05,0.9,None,0,0.8530384740689897,0.3173809707164764
42,KARSEIN,1,1,"[0, 1, 2]",16,"[32, 32]","[6, 6]",3,1,ml-1m,CTR,6,512,0.001,0.003,1e-05,0.9,None,1,0.8544018346189262,0.3160702228546143
42,KARSEIN,1,1,"[0, 1, 2]",16,"[32, 32]","[6, 6]",3,1,ml-1m,CTR,6,512,0.01,0.004,1e-05,0.9,None,0,0.8518019356919885,0.3183523193001747
42,KARSEIN,1,1,"[0, 1, 2]",32,"[32, 32]","[6, 6]",3,1,ml-1m,CTR,6,512,0.001,0.003,1e-05,0.9,None,1,0.8542086288595307,0.31724734604358673
42,KARSEIN,1,1,"[0, 1, 2]",32,"[32, 32]","[6, 6]",3,1,ml-1m,CTR,6,512,0.01,0.004,1e-05,0.9,None,0,0.8531541980071486,0.3181215599179268
42,KARSEIN,1,1,"[0, 1, 2]",16,"[32, 32]","[6, 6]",3,1,ml-1m,CTR,6,512,0.001,0.004,1e-05,0.9,None,1,0.854477382788453,0.31613979190588
42,KARSEIN,1,1,"[0, 1, 2]",16,"[32, 32]","[6, 6]",3,2,ml-1m,CTR,6,512,0.01,0.002,1e-05,0.9,None,0,0.8511318220836056,0.3196959406137466
42,KARSEIN,1,1,"[0, 1, 2]",32,"[32, 32]","[6, 6]",3,1,ml-1m,CTR,6,512,0.001,0.004,1e-05,0.9,None,1,0.8532395705547305,0.3179947316646576
42,KARSEIN,1,1,"[0, 1, 2]",32,"[32, 32]","[6, 6]",3,2,ml-1m,CTR,6,512,0.01,0.002,1e-05,0.9,None,0,0.8533953204042379,0.3182418629527092
42,KARSEIN,1,1,"[0, 1, 2]",16,"[32, 32]","[6, 6]",3,2,ml-1m,CTR,6,512,0.001,0.002,1e-05,0.9,None,1,0.853313067333713,0.3176140695810318
42,KARSEIN,1,1,"[0, 1, 2]",16,"[32, 32]","[6, 6]",3,2,ml-1m,CTR,6,512,0.01,0.003,1e-05,0.9,None,0,0.8508597092384852,0.31923243403434753
42,KARSEIN,1,1,"[0, 1, 2]",32,"[32, 32]","[6, 6]",3,2,ml-1m,CTR,6,512,0.001,0.002,1e-05,0.9,None,1,0.8538303667331191,0.31726026237010957
42,KARSEIN,1,1,"[0, 1, 2]",32,"[32, 32]","[6, 6]",3,2,ml-1m,CTR,6,512,0.01,0.003,1e-05,0.9,None,0,0.8528480304232977,0.31761243790388105
42,KARSEIN,1,1,"[0, 1, 2]",16,"[32, 32]","[6, 6]",3,2,ml-1m,CTR,6,512,0.001,0.003,1e-05,0.9,None,1,0.8544054813939189,0.31610351949930193
42,KARSEIN,1,1,"[0, 1, 2]",32,"[32, 32]","[6, 6]",3,2,ml-1m,CTR,6,512,0.001,0.003,1e-05,0.9,None,1,0.8541173149274286,0.3172705203294754
42,KARSEIN,1,1,"[0, 1, 2]",16,"[32, 32]","[6, 6]",3,2,ml-1m,CTR,6,512,0.01,0.004,1e-05,0.9,None,0,0.852048154637553,0.3182346522808075
42,KARSEIN,1,1,"[0, 1, 2]",32,"[32, 32]","[6, 6]",3,2,ml-1m,CTR,6,512,0.01,0.004,1e-05,0.9,None,0,0.8532479805794502,0.3180221825838089
42,KARSEIN,1,1,"[0, 1, 2]",16,"[32, 32]","[6, 6]",3,2,ml-1m,CTR,6,512,0.001,0.004,1e-05,0.9,None,1,0.8546206746846735,0.31606539338827133
42,KARSEIN,1,1,"[0, 1, 2]",32,"[32, 32]","[6, 6]",3,2,ml-1m,CTR,6,512,0.001,0.004,1e-05,0.9,None,1,0.8533297973868766,0.3179026186466217
42,KARSEIN,1,1,"[0, 1, 2]",16,"[32, 32]","[6, 6]",3,3,ml-1m,CTR,6,512,0.01,0.002,1e-05,0.9,None,0,0.8511497073491681,0.3196979954838753
42,KARSEIN,1,1,"[0, 1, 2]",16,"[32, 32]","[6, 6]",3,3,ml-1m,CTR,6,512,0.001,0.002,1e-05,0.9,None,1,0.8531782694719858,0.3176455408334732
42,KARSEIN,1,1,"[0, 1, 2]",32,"[32, 32]","[6, 6]",3,3,ml-1m,CTR,6,512,0.01,0.002,1e-05,0.9,None,0,0.8534274226420246,0.31817718893289565
42,KARSEIN,1,1,"[0, 1, 2]",32,"[32, 32]","[6, 6]",3,3,ml-1m,CTR,6,512,0.001,0.002,1e-05,0.9,None,1,0.8537420515166765,0.31740141808986666
42,KARSEIN,1,1,"[0, 1, 2]",16,"[32, 32]","[6, 6]",3,3,ml-1m,CTR,6,512,0.01,0.003,1e-05,0.9,None,0,0.8507019366846968,0.31912548542022706
42,KARSEIN,1,1,"[0, 1, 2]",16,"[32, 32]","[6, 6]",3,3,ml-1m,CTR,6,512,0.001,0.003,1e-05,0.9,None,1,0.8544692267032736,0.31601985841989516
42,KARSEIN,1,1,"[0, 1, 2]",32,"[32, 32]","[6, 6]",3,3,ml-1m,CTR,6,512,0.01,0.003,1e-05,0.9,None,0,0.8530295318617451,0.31745365858078
42,KARSEIN,1,1,"[0, 1, 2]",32,"[32, 32]","[6, 6]",3,3,ml-1m,CTR,6,512,0.001,0.003,1e-05,0.9,None,1,0.8540805728596274,0.3173506513237953
42,KARSEIN,1,1,"[0, 1, 2]",16,"[32, 32]","[6, 6]",3,3,ml-1m,CTR,6,512,0.01,0.004,1e-05,0.9,None,0,0.8517628601815735,0.3183772087097168
42,KARSEIN,1,1,"[0, 1, 2]",16,"[32, 32]","[6, 6]",3,3,ml-1m,CTR,6,512,0.001,0.004,1e-05,0.9,None,1,0.8545787116840403,0.31609365791082383
42,KARSEIN,1,1,"[0, 1, 2]",32,"[32, 32]","[6, 6]",3,3,ml-1m,CTR,6,512,0.01,0.004,1e-05,0.9,None,0,0.853156987069649,0.3180679023265839
42,KARSEIN,1,1,"[0, 1, 2]",16,"[32, 32]","[12, 12]",10,1,ml-1m,CTR,6,512,0.01,0.002,1e-05,0.9,None,0,0.8539808532083523,0.3172560498118401
42,KARSEIN,1,1,"[0, 1, 2]",32,"[32, 32]","[6, 6]",3,3,ml-1m,CTR,6,512,0.001,0.004,1e-05,0.9,None,1,0.8533350397143676,0.31793509274721143
42,KARSEIN,1,1,"[0, 1, 2]",16,"[32, 32]","[12, 12]",10,1,ml-1m,CTR,6,512,0.001,0.002,1e-05,0.9,None,1,0.8530258975366856,0.31741546988487246
42,KARSEIN,1,1,"[0, 1, 2]",32,"[32, 32]","[12, 12]",10,1,ml-1m,CTR,6,512,0.01,0.002,1e-05,0.9,None,0,0.8516337800239591,0.31856501549482347
42,KARSEIN,1,1,"[0, 1, 2]",16,"[32, 32]","[12, 12]",10,1,ml-1m,CTR,6,512,0.01,0.003,1e-05,0.9,None,0,0.8517027046214724,0.3181592240929604
42,KARSEIN,1,1,"[0, 1, 2]",32,"[32, 32]","[12, 12]",10,1,ml-1m,CTR,6,512,0.001,0.002,1e-05,0.9,None,1,0.8517884260734456,0.318306927382946
42,KARSEIN,1,1,"[0, 1, 2]",16,"[32, 32]","[12, 12]",10,1,ml-1m,CTR,6,512,0.001,0.003,1e-05,0.9,None,1,0.8547900694582458,0.3158393234014511
42,KARSEIN,1,1,"[0, 1, 2]",32,"[32, 32]","[12, 12]",10,1,ml-1m,CTR,6,512,0.01,0.003,1e-05,0.9,None,0,0.8522743729922722,0.3180293425917625
42,KARSEIN,1,1,"[0, 1, 2]",16,"[32, 32]","[12, 12]",10,1,ml-1m,CTR,6,512,0.01,0.004,1e-05,0.9,None,0,0.8544841579256582,0.31708615869283674
42,KARSEIN,1,1,"[0, 1, 2]",32,"[32, 32]","[12, 12]",10,1,ml-1m,CTR,6,512,0.001,0.003,1e-05,0.9,None,1,0.8527760458728124,0.3174156978726387
42,KARSEIN,1,1,"[0, 1, 2]",32,"[32, 32]","[12, 12]",10,1,ml-1m,CTR,6,512,0.01,0.004,1e-05,0.9,None,0,0.8512378976032423,0.31868205070495603
42,KARSEIN,1,1,"[0, 1, 2]",16,"[32, 32]","[12, 12]",10,1,ml-1m,CTR,6,512,0.001,0.004,1e-05,0.9,None,1,0.8545928909090847,0.3165483459830284
42,KARSEIN,1,1,"[0, 1, 2]",16,"[32, 32]","[12, 12]",10,2,ml-1m,CTR,6,512,0.01,0.002,1e-05,0.9,None,0,0.8491064520847672,0.32159913927316663
42,KARSEIN,1,1,"[0, 1, 2]",32,"[32, 32]","[12, 12]",10,1,ml-1m,CTR,6,512,0.001,0.004,1e-05,0.9,None,1,0.8516950253169101,0.3185481712222099
42,KARSEIN,1,1,"[0, 1, 2]",16,"[32, 32]","[12, 12]",10,2,ml-1m,CTR,6,512,0.001,0.002,1e-05,0.9,None,1,0.8514585701025188,0.31868169009685515
42,KARSEIN,1,1,"[0, 1, 2]",32,"[32, 32]","[12, 12]",10,2,ml-1m,CTR,6,512,0.01,0.002,1e-05,0.9,None,0,0.8541611533499648,0.3161655873060226
42,KARSEIN,1,1,"[0, 1, 2]",16,"[32, 32]","[12, 12]",10,2,ml-1m,CTR,6,512,0.01,0.003,1e-05,0.9,None,0,0.8514496914132954,0.3186318799853325
42,KARSEIN,1,1,"[0, 1, 2]",32,"[32, 32]","[12, 12]",10,2,ml-1m,CTR,6,512,0.001,0.002,1e-05,0.9,None,1,0.853362710797106,0.3169639095664024
42,KARSEIN,1,1,"[0, 1, 2]",16,"[32, 32]","[12, 12]",10,2,ml-1m,CTR,6,512,0.001,0.003,1e-05,0.9,None,1,0.8543643216893306,0.31669929474592207
42,KARSEIN,1,1,"[0, 1, 2]",32,"[32, 32]","[12, 12]",10,2,ml-1m,CTR,6,512,0.01,0.003,1e-05,0.9,None,0,0.8543066856559147,0.3160263255238533
42,KARSEIN,1,1,"[0, 1, 2]",32,"[32, 32]","[12, 12]",10,2,ml-1m,CTR,6,512,0.001,0.003,1e-05,0.9,None,1,0.854335894108391,0.3160309374332428
42,KARSEIN,1,1,"[0, 1, 2]",16,"[32, 32]","[12, 12]",10,2,ml-1m,CTR,6,512,0.01,0.004,1e-05,0.9,None,0,0.8519779659746554,0.3181928053498268
42,KARSEIN,1,1,"[0, 1, 2]",16,"[32, 32]","[12, 12]",10,2,ml-1m,CTR,6,512,0.001,0.004,1e-05,0.9,None,1,0.8545218101688382,0.3163982629776001
42,KARSEIN,1,1,"[0, 1, 2]",32,"[32, 32]","[12, 12]",10,2,ml-1m,CTR,6,512,0.01,0.004,1e-05,0.9,None,0,0.8532605205407376,0.31695196628570554
42,KARSEIN,1,1,"[0, 1, 2]",32,"[32, 32]","[12, 12]",10,2,ml-1m,CTR,6,512,0.001,0.004,1e-05,0.9,None,1,0.8533296070158503,0.3170684203505516
42,KARSEIN,1,1,"[0, 1, 2]",16,"[32, 32]","[12, 12]",10,3,ml-1m,CTR,6,512,0.01,0.002,1e-05,0.9,None,0,0.8490735419899267,0.3211959511041641
42,KARSEIN,1,1,"[0, 1, 2]",16,"[32, 32]","[12, 12]",10,3,ml-1m,CTR,6,512,0.001,0.002,1e-05,0.9,None,1,0.8534174404023573,0.31708627492189406
42,KARSEIN,1,1,"[0, 1, 2]",32,"[32, 32]","[12, 12]",10,3,ml-1m,CTR,6,512,0.01,0.002,1e-05,0.9,None,0,0.8538228954787546,0.3164055272936821
42,KARSEIN,1,1,"[0, 1, 2]",32,"[32, 32]","[12, 12]",10,3,ml-1m,CTR,6,512,0.001,0.002,1e-05,0.9,None,1,0.853439597754679,0.317013618350029
42,KARSEIN,1,1,"[0, 1, 2]",16,"[32, 32]","[12, 12]",10,3,ml-1m,CTR,6,512,0.01,0.003,1e-05,0.9,None,0,0.8504244466510315,0.32019664645195006
42,KARSEIN,1,1,"[0, 1, 2]",16,"[32, 32]","[12, 12]",10,3,ml-1m,CTR,6,512,0.001,0.003,1e-05,0.9,None,1,0.8544787346283422,0.3163126677274704
42,KARSEIN,1,1,"[0, 1, 2]",32,"[32, 32]","[12, 12]",10,3,ml-1m,CTR,6,512,0.01,0.003,1e-05,0.9,None,0,0.8540756208622197,0.31634753495454787
42,KARSEIN,1,1,"[0, 1, 2]",32,"[32, 32]","[12, 12]",10,3,ml-1m,CTR,6,512,0.001,0.003,1e-05,0.9,None,1,0.8536435936628346,0.3168466106057167
42,KARSEIN,1,1,"[0, 1, 2]",16,"[32, 32]","[12, 12]",10,3,ml-1m,CTR,6,512,0.01,0.004,1e-05,0.9,None,0,0.8494620089575946,0.32086270600557326
42,KARSEIN,1,1,"[0, 1, 2]",16,"[32, 32]","[12, 12]",10,3,ml-1m,CTR,6,512,0.001,0.004,1e-05,0.9,None,1,0.8535178319878787,0.3171642854809761
42,KARSEIN,1,1,"[0, 1, 2]",32,"[32, 32]","[12, 12]",10,3,ml-1m,CTR,6,512,0.01,0.004,1e-05,0.9,None,0,0.8533522861865812,0.3169748246669769
42,KARSEIN,1,1,"[0, 1, 2]",16,"[32, 32]","[12, 12]",5,1,ml-1m,CTR,6,512,0.01,0.002,1e-05,0.9,None,0,0.8513809911213148,0.3184799671173096
42,KARSEIN,1,1,"[0, 1, 2]",32,"[32, 32]","[12, 12]",10,3,ml-1m,CTR,6,512,0.001,0.004,1e-05,0.9,None,1,0.8534275090660021,0.31688171774148943
42,KARSEIN,1,1,"[0, 1, 2]",32,"[32, 32]","[12, 12]",5,1,ml-1m,CTR,6,512,0.01,0.002,1e-05,0.9,None,0,0.8532755275812797,0.31786497086286547
42,KARSEIN,1,1,"[0, 1, 2]",16,"[32, 32]","[12, 12]",5,1,ml-1m,CTR,6,512,0.001,0.002,1e-05,0.9,None,1,0.8507390931583331,0.31957881450653075
42,KARSEIN,1,1,"[0, 1, 2]",16,"[32, 32]","[12, 12]",5,1,ml-1m,CTR,6,512,0.01,0.003,1e-05,0.9,None,0,0.8524885859813625,0.31758121252059934
42,KARSEIN,1,1,"[0, 1, 2]",32,"[32, 32]","[12, 12]",5,1,ml-1m,CTR,6,512,0.001,0.002,1e-05,0.9,None,1,0.8540431590127421,0.3165612041950226
42,KARSEIN,1,1,"[0, 1, 2]",32,"[32, 32]","[12, 12]",5,1,ml-1m,CTR,6,512,0.01,0.003,1e-05,0.9,None,0,0.8531932305292165,0.3170476406812668
42,KARSEIN,1,1,"[0, 1, 2]",16,"[32, 32]","[12, 12]",5,1,ml-1m,CTR,6,512,0.001,0.003,1e-05,0.9,None,1,0.8537300816911237,0.31733793765306473
42,KARSEIN,1,1,"[0, 1, 2]",16,"[32, 32]","[12, 12]",5,1,ml-1m,CTR,6,512,0.01,0.004,1e-05,0.9,None,0,0.8524065270470944,0.31765940636396406
42,KARSEIN,1,1,"[0, 1, 2]",32,"[32, 32]","[12, 12]",5,1,ml-1m,CTR,6,512,0.001,0.003,1e-05,0.9,None,1,0.8528613463022193,0.31723644882440566
42,KARSEIN,1,1,"[0, 1, 2]",32,"[32, 32]","[12, 12]",5,1,ml-1m,CTR,6,512,0.01,0.004,1e-05,0.9,None,0,0.8533888553898811,0.31690304577350614
42,KARSEIN,1,1,"[0, 1, 2]",16,"[32, 32]","[12, 12]",5,1,ml-1m,CTR,6,512,0.001,0.004,1e-05,0.9,None,1,0.8534274765370838,0.31676887422800065
42,KARSEIN,1,1,"[0, 1, 2]",16,"[32, 32]","[12, 12]",5,2,ml-1m,CTR,6,512,0.01,0.002,1e-05,0.9,None,0,0.8522967074066881,0.31793379187583926
42,KARSEIN,1,1,"[0, 1, 2]",32,"[32, 32]","[12, 12]",5,1,ml-1m,CTR,6,512,0.001,0.004,1e-05,0.9,None,1,0.8530597051985976,0.31698745042085646
42,KARSEIN,1,1,"[0, 1, 2]",16,"[32, 32]","[12, 12]",5,2,ml-1m,CTR,6,512,0.001,0.002,1e-05,0.9,None,1,0.8518788211615907,0.3188696771860123
42,KARSEIN,1,1,"[0, 1, 2]",32,"[32, 32]","[12, 12]",5,2,ml-1m,CTR,6,512,0.01,0.002,1e-05,0.9,None,0,0.8533780932580199,0.31785896569490435
42,KARSEIN,1,1,"[0, 1, 2]",16,"[32, 32]","[12, 12]",5,2,ml-1m,CTR,6,512,0.01,0.003,1e-05,0.9,None,0,0.8528575279195213,0.31744266152381895
42,KARSEIN,1,1,"[0, 1, 2]",32,"[32, 32]","[12, 12]",5,2,ml-1m,CTR,6,512,0.001,0.002,1e-05,0.9,None,1,0.8545082512869471,0.3162651523947716
42,KARSEIN,1,1,"[0, 1, 2]",16,"[32, 32]","[12, 12]",5,2,ml-1m,CTR,6,512,0.001,0.003,1e-05,0.9,None,1,0.8527351172838898,0.317159903049469
42,KARSEIN,1,1,"[0, 1, 2]",32,"[32, 32]","[12, 12]",5,2,ml-1m,CTR,6,512,0.01,0.003,1e-05,0.9,None,0,0.8527311060579356,0.31742489635944365
42,KARSEIN,1,1,"[0, 1, 2]",32,"[32, 32]","[12, 12]",5,2,ml-1m,CTR,6,512,0.001,0.003,1e-05,0.9,None,1,0.8530730528709094,0.3170592799782753
42,KARSEIN,1,1,"[0, 1, 2]",16,"[32, 32]","[12, 12]",5,2,ml-1m,CTR,6,512,0.01,0.004,1e-05,0.9,None,0,0.8522421283324,0.3179865688085556
42,KARSEIN,1,1,"[0, 1, 2]",16,"[32, 32]","[12, 12]",5,2,ml-1m,CTR,6,512,0.001,0.004,1e-05,0.9,None,1,0.8530007786752256,0.31712155789136887
42,KARSEIN,1,1,"[0, 1, 2]",32,"[32, 32]","[12, 12]",5,2,ml-1m,CTR,6,512,0.01,0.004,1e-05,0.9,None,0,0.853319616986842,0.3168671131134033
42,KARSEIN,1,1,"[0, 1, 2]",32,"[32, 32]","[12, 12]",5,2,ml-1m,CTR,6,512,0.001,0.004,1e-05,0.9,None,1,0.8532848972756764,0.3169045463204384
42,KARSEIN,1,1,"[0, 1, 2]",16,"[32, 32]","[12, 12]",5,3,ml-1m,CTR,6,512,0.01,0.002,1e-05,0.9,None,0,0.8518645758752402,0.3181662082672119
42,KARSEIN,1,1,"[0, 1, 2]",16,"[32, 32]","[12, 12]",5,3,ml-1m,CTR,6,512,0.001,0.002,1e-05,0.9,None,1,0.8517799150425786,0.3188761904835701
42,KARSEIN,1,1,"[0, 1, 2]",32,"[32, 32]","[12, 12]",5,3,ml-1m,CTR,6,512,0.01,0.002,1e-05,0.9,None,0,0.8533466290436081,0.31779294908046724
42,KARSEIN,1,1,"[0, 1, 2]",32,"[32, 32]","[12, 12]",5,3,ml-1m,CTR,6,512,0.001,0.002,1e-05,0.9,None,1,0.8543381605409912,0.3163575902581215
42,KARSEIN,1,1,"[0, 1, 2]",16,"[32, 32]","[12, 12]",5,3,ml-1m,CTR,6,512,0.01,0.003,1e-05,0.9,None,0,0.8526651511905851,0.31746471524238584
42,KARSEIN,1,1,"[0, 1, 2]",16,"[32, 32]","[12, 12]",5,3,ml-1m,CTR,6,512,0.001,0.003,1e-05,0.9,None,1,0.8524098850255306,0.3174315392971039
42,KARSEIN,1,1,"[0, 1, 2]",32,"[32, 32]","[12, 12]",5,3,ml-1m,CTR,6,512,0.01,0.003,1e-05,0.9,None,0,0.8525888084618055,0.31756819039583206
42,KARSEIN,1,1,"[0, 1, 2]",32,"[32, 32]","[12, 12]",5,3,ml-1m,CTR,6,512,0.001,0.003,1e-05,0.9,None,1,0.8531045752478528,0.31704343408346175
42,KARSEIN,1,1,"[0, 1, 2]",16,"[32, 32]","[12, 12]",5,3,ml-1m,CTR,6,512,0.01,0.004,1e-05,0.9,None,0,0.852707768735517,0.3175132244825363
42,KARSEIN,1,1,"[0, 1, 2]",16,"[32, 32]","[12, 12]",5,3,ml-1m,CTR,6,512,0.001,0.004,1e-05,0.9,None,1,0.8531728791332445,0.31698315739631655
42,KARSEIN,1,1,"[0, 1, 2]",32,"[32, 32]","[12, 12]",5,3,ml-1m,CTR,6,512,0.01,0.004,1e-05,0.9,None,0,0.8536752682317712,0.3166695937514305
42,KARSEIN,1,1,"[0, 1, 2]",32,"[32, 32]","[12, 12]",5,3,ml-1m,CTR,6,512,0.001,0.004,1e-05,0.9,None,1,0.8532509121795389,0.3169539958238602
42,KARSEIN,1,1,"[0, 1, 2]",16,"[32, 32]","[12, 12]",3,1,ml-1m,CTR,6,512,0.01,0.002,1e-05,0.9,None,0,0.8507168756988259,0.3193881779909134
42,KARSEIN,1,1,"[0, 1, 2]",16,"[32, 32]","[12, 12]",3,1,ml-1m,CTR,6,512,0.001,0.002,1e-05,0.9,None,1,0.8507299228852923,0.3199183836579323
42,KARSEIN,1,1,"[0, 1, 2]",32,"[32, 32]","[12, 12]",3,1,ml-1m,CTR,6,512,0.01,0.002,1e-05,0.9,None,0,0.8531363467153075,0.3175352096557617
42,KARSEIN,1,1,"[0, 1, 2]",16,"[32, 32]","[12, 12]",3,1,ml-1m,CTR,6,512,0.01,0.003,1e-05,0.9,None,0,0.8528449146003142,0.3176736205816269
42,KARSEIN,1,1,"[0, 1, 2]",32,"[32, 32]","[12, 12]",3,1,ml-1m,CTR,6,512,0.001,0.002,1e-05,0.9,None,1,0.8553947163838211,0.3159386157989502
42,KARSEIN,1,1,"[0, 1, 2]",32,"[32, 32]","[12, 12]",3,1,ml-1m,CTR,6,512,0.01,0.003,1e-05,0.9,None,0,0.8538939996349109,0.31682799756526947
42,KARSEIN,1,1,"[0, 1, 2]",16,"[32, 32]","[12, 12]",3,1,ml-1m,CTR,6,512,0.001,0.003,1e-05,0.9,None,1,0.8516685676026251,0.31864293068647387
42,KARSEIN,1,1,"[0, 1, 2]",16,"[32, 32]","[12, 12]",3,1,ml-1m,CTR,6,512,0.01,0.004,1e-05,0.9,None,0,0.8525165948827281,0.3181092619895935
42,KARSEIN,1,1,"[0, 1, 2]",32,"[32, 32]","[12, 12]",3,1,ml-1m,CTR,6,512,0.001,0.003,1e-05,0.9,None,1,0.8538020097490808,0.31682260781526567
42,KARSEIN,1,1,"[0, 1, 2]",16,"[32, 32]","[12, 12]",3,1,ml-1m,CTR,6,512,0.001,0.004,1e-05,0.9,None,1,0.853674521877022,0.31771440207958224
42,KARSEIN,1,1,"[0, 1, 2]",32,"[32, 32]","[12, 12]",3,1,ml-1m,CTR,6,512,0.01,0.004,1e-05,0.9,None,0,0.8537677554210111,0.3167890638113022
42,KARSEIN,1,1,"[0, 1, 2]",32,"[32, 32]","[12, 12]",3,1,ml-1m,CTR,6,512,0.001,0.004,1e-05,0.9,None,1,0.8558736836714301,0.3152270779013634
42,KARSEIN,1,1,"[0, 1, 2]",16,"[32, 32]","[12, 12]",3,2,ml-1m,CTR,6,512,0.01,0.002,1e-05,0.9,None,0,0.8506401492110542,0.3194595083594322
42,KARSEIN,1,1,"[0, 1, 2]",16,"[32, 32]","[12, 12]",3,2,ml-1m,CTR,6,512,0.001,0.002,1e-05,0.9,None,1,0.8508684643511459,0.31977183669805526
42,KARSEIN,1,1,"[0, 1, 2]",32,"[32, 32]","[12, 12]",3,2,ml-1m,CTR,6,512,0.01,0.002,1e-05,0.9,None,0,0.8533778286751794,0.317375522851944
42,KARSEIN,1,1,"[0, 1, 2]",32,"[32, 32]","[12, 12]",3,2,ml-1m,CTR,6,512,0.001,0.002,1e-05,0.9,None,1,0.8555050798355464,0.31582530587911606
42,KARSEIN,1,1,"[0, 1, 2]",16,"[32, 32]","[12, 12]",3,2,ml-1m,CTR,6,512,0.01,0.003,1e-05,0.9,None,0,0.8528486116847066,0.317699633538723
42,KARSEIN,1,1,"[0, 1, 2]",16,"[32, 32]","[12, 12]",3,2,ml-1m,CTR,6,512,0.001,0.003,1e-05,0.9,None,1,0.8518681379177797,0.318447969853878
42,KARSEIN,1,1,"[0, 1, 2]",32,"[32, 32]","[12, 12]",3,2,ml-1m,CTR,6,512,0.01,0.003,1e-05,0.9,None,0,0.8539897606591191,0.3167639017105103
42,KARSEIN,1,1,"[0, 1, 2]",32,"[32, 32]","[12, 12]",3,2,ml-1m,CTR,6,512,0.001,0.003,1e-05,0.9,None,1,0.853766336076023,0.3168517559766769
42,KARSEIN,1,1,"[0, 1, 2]",16,"[32, 32]","[12, 12]",3,2,ml-1m,CTR,6,512,0.01,0.004,1e-05,0.9,None,0,0.8525306241754054,0.31812493205070497
42,KARSEIN,1,1,"[0, 1, 2]",16,"[32, 32]","[12, 12]",3,2,ml-1m,CTR,6,512,0.001,0.004,1e-05,0.9,None,1,0.8535662352665379,0.3178122490644455
42,KARSEIN,1,1,"[0, 1, 2]",32,"[32, 32]","[12, 12]",3,2,ml-1m,CTR,6,512,0.01,0.004,1e-05,0.9,None,0,0.8538116160975052,0.3167645215988159
42,KARSEIN,1,1,"[0, 1, 2]",32,"[32, 32]","[12, 12]",3,2,ml-1m,CTR,6,512,0.001,0.004,1e-05,0.9,None,1,0.8553718253491516,0.3158356726169586
42,KARSEIN,1,1,"[0, 1, 2]",16,"[32, 32]","[12, 12]",3,3,ml-1m,CTR,6,512,0.01,0.002,1e-05,0.9,None,0,0.8506795778285318,0.319419264793396
42,KARSEIN,1,1,"[0, 1, 2]",16,"[32, 32]","[12, 12]",3,3,ml-1m,CTR,6,512,0.001,0.002,1e-05,0.9,None,1,0.8507066953212539,0.31989719718694687
42,KARSEIN,1,1,"[0, 1, 2]",32,"[32, 32]","[12, 12]",3,3,ml-1m,CTR,6,512,0.01,0.002,1e-05,0.9,None,0,0.853348016384647,0.31740400195121765
42,KARSEIN,1,1,"[0, 1, 2]",32,"[32, 32]","[12, 12]",3,3,ml-1m,CTR,6,512,0.001,0.002,1e-05,0.9,None,1,0.8554847699412866,0.3158604547381401
42,KARSEIN,1,1,"[0, 1, 2]",16,"[32, 32]","[12, 12]",3,3,ml-1m,CTR,6,512,0.01,0.003,1e-05,0.9,None,0,0.8528759527103634,0.3176667630672455
42,KARSEIN,1,1,"[0, 1, 2]",16,"[32, 32]","[12, 12]",3,3,ml-1m,CTR,6,512,0.001,0.003,1e-05,0.9,None,1,0.8518331240546416,0.318469201028347
42,KARSEIN,1,1,"[0, 1, 2]",32,"[32, 32]","[12, 12]",3,3,ml-1m,CTR,6,512,0.01,0.003,1e-05,0.9,None,0,0.8539823048491412,0.31674955487251283
42,KARSEIN,1,1,"[0, 1, 2]",32,"[32, 32]","[12, 12]",3,3,ml-1m,CTR,6,512,0.001,0.003,1e-05,0.9,None,1,0.8537739929064465,0.3168566972017288
42,KARSEIN,1,1,"[0, 1, 2]",16,"[32, 32]","[12, 12]",3,3,ml-1m,CTR,6,512,0.01,0.004,1e-05,0.9,None,0,0.8525674281041958,0.31806501746177673
42,KARSEIN,1,1,"[0, 1, 2]",16,"[32, 32]","[12, 12]",3,3,ml-1m,CTR,6,512,0.001,0.004,1e-05,0.9,None,1,0.8536466080346481,0.31775074601173403
42,KARSEIN,1,1,"[0, 1, 2]",32,"[32, 32]","[12, 12]",3,3,ml-1m,CTR,6,512,0.01,0.004,1e-05,0.9,None,0,0.8551238513105496,0.31590030789375306
42,KARSEIN,1,1,"[0, 1, 2]",16,"[32, 32]","[6, 12]",10,1,ml-1m,CTR,6,512,0.01,0.002,1e-05,0.9,None,0,0.850586940060843,0.31981332749128344
42,KARSEIN,1,1,"[0, 1, 2]",32,"[32, 32]","[12, 12]",3,3,ml-1m,CTR,6,512,0.001,0.004,1e-05,0.9,None,1,0.8558861370616212,0.3152396634221077
42,KARSEIN,1,1,"[0, 1, 2]",32,"[32, 32]","[6, 12]",10,1,ml-1m,CTR,6,512,0.01,0.002,1e-05,0.9,None,0,0.8539614509743624,0.3165531441569328
42,KARSEIN,1,1,"[0, 1, 2]",16,"[32, 32]","[6, 12]",10,1,ml-1m,CTR,6,512,0.001,0.002,1e-05,0.9,None,1,0.8510426321318697,0.3196204975247383
42,KARSEIN,1,1,"[0, 1, 2]",16,"[32, 32]","[6, 12]",10,1,ml-1m,CTR,6,512,0.01,0.003,1e-05,0.9,None,0,0.8521372340974104,0.3186048477888107
42,KARSEIN,1,1,"[0, 1, 2]",32,"[32, 32]","[6, 12]",10,1,ml-1m,CTR,6,512,0.001,0.002,1e-05,0.9,None,1,0.8531188950789407,0.3173312947154045
42,KARSEIN,1,1,"[0, 1, 2]",32,"[32, 32]","[6, 12]",10,1,ml-1m,CTR,6,512,0.01,0.003,1e-05,0.9,None,0,0.8541817987029882,0.31636864095926287
42,KARSEIN,1,1,"[0, 1, 2]",16,"[32, 32]","[6, 12]",10,1,ml-1m,CTR,6,512,0.001,0.003,1e-05,0.9,None,1,0.8522298105581797,0.31864213198423386
42,KARSEIN,1,1,"[0, 1, 2]",16,"[32, 32]","[6, 12]",10,1,ml-1m,CTR,6,512,0.01,0.004,1e-05,0.9,None,0,0.851334579969194,0.31908886730670927
42,KARSEIN,1,1,"[0, 1, 2]",32,"[32, 32]","[6, 12]",10,1,ml-1m,CTR,6,512,0.001,0.003,1e-05,0.9,None,1,0.8533558955477387,0.31714610755443573
42,KARSEIN,1,1,"[0, 1, 2]",16,"[32, 32]","[6, 12]",10,1,ml-1m,CTR,6,512,0.001,0.004,1e-05,0.9,None,1,0.8517349582984929,0.31880945563316343
42,KARSEIN,1,1,"[0, 1, 2]",32,"[32, 32]","[6, 12]",10,1,ml-1m,CTR,6,512,0.01,0.004,1e-05,0.9,None,0,0.8535737308207025,0.317039330303669
42,KARSEIN,1,1,"[0, 1, 2]",32,"[32, 32]","[6, 12]",10,1,ml-1m,CTR,6,512,0.001,0.004,1e-05,0.9,None,1,0.8528803484920189,0.3175756007432938
42,KARSEIN,1,1,"[0, 1, 2]",16,"[32, 32]","[6, 12]",10,2,ml-1m,CTR,6,512,0.01,0.002,1e-05,0.9,None,0,0.852834864028009,0.31787158250808717
42,KARSEIN,1,1,"[0, 1, 2]",16,"[32, 32]","[6, 12]",10,2,ml-1m,CTR,6,512,0.001,0.002,1e-05,0.9,None,1,0.8536017169194201,0.31723060458898544
42,KARSEIN,1,1,"[0, 1, 2]",32,"[32, 32]","[6, 12]",10,2,ml-1m,CTR,6,512,0.01,0.002,1e-05,0.9,None,0,0.8531146624289809,0.3186512261629105
42,KARSEIN,1,1,"[0, 1, 2]",32,"[32, 32]","[6, 12]",10,2,ml-1m,CTR,6,512,0.001,0.002,1e-05,0.9,None,1,0.8483765974110634,0.32241777032613755
42,KARSEIN,1,1,"[0, 1, 2]",16,"[32, 32]","[6, 12]",10,2,ml-1m,CTR,6,512,0.01,0.003,1e-05,0.9,None,0,0.8524397595566995,0.3178279995918274
42,KARSEIN,1,1,"[0, 1, 2]",16,"[32, 32]","[6, 12]",10,2,ml-1m,CTR,6,512,0.001,0.003,1e-05,0.9,None,1,0.853771305312077,0.31698944717645644
42,KARSEIN,1,1,"[0, 1, 2]",32,"[32, 32]","[6, 12]",10,2,ml-1m,CTR,6,512,0.01,0.003,1e-05,0.9,None,0,0.8504947739264506,0.3197341650724411
42,KARSEIN,1,1,"[0, 1, 2]",32,"[32, 32]","[6, 12]",10,2,ml-1m,CTR,6,512,0.001,0.003,1e-05,0.9,None,1,0.8538563504732961,0.31779796332120896
42,KARSEIN,1,1,"[0, 1, 2]",16,"[32, 32]","[6, 12]",10,2,ml-1m,CTR,6,512,0.01,0.004,1e-05,0.9,None,0,0.8531979232662612,0.3171821147203445
42,KARSEIN,1,1,"[0, 1, 2]",16,"[32, 32]","[6, 12]",10,2,ml-1m,CTR,6,512,0.001,0.004,1e-05,0.9,None,1,0.853712625050935,0.3170516565442085
42,KARSEIN,1,1,"[0, 1, 2]",32,"[32, 32]","[6, 12]",10,2,ml-1m,CTR,6,512,0.01,0.004,1e-05,0.9,None,0,0.8533040428930045,0.3179891839623451
42,KARSEIN,1,1,"[0, 1, 2]",32,"[32, 32]","[6, 12]",10,2,ml-1m,CTR,6,512,0.001,0.004,1e-05,0.9,None,1,0.8533154123497246,0.31781273186206815
42,KARSEIN,1,1,"[0, 1, 2]",16,"[32, 32]","[6, 12]",10,3,ml-1m,CTR,6,512,0.01,0.002,1e-05,0.9,None,0,0.8524599913180607,0.3183973878622055
42,KARSEIN,1,1,"[0, 1, 2]",16,"[32, 32]","[6, 12]",10,3,ml-1m,CTR,6,512,0.001,0.002,1e-05,0.9,None,1,0.8533358851185471,0.3174895435571671
42,KARSEIN,1,1,"[0, 1, 2]",32,"[32, 32]","[6, 12]",10,3,ml-1m,CTR,6,512,0.01,0.002,1e-05,0.9,None,0,0.852523769950769,0.31916740387678144
42,KARSEIN,1,1,"[0, 1, 2]",32,"[32, 32]","[6, 12]",10,3,ml-1m,CTR,6,512,0.001,0.002,1e-05,0.9,None,1,0.8515666511244497,0.3185794711112976
42,KARSEIN,1,1,"[0, 1, 2]",16,"[32, 32]","[6, 12]",10,3,ml-1m,CTR,6,512,0.01,0.003,1e-05,0.9,None,0,0.8534166451418569,0.3170351803302765
42,KARSEIN,1,1,"[0, 1, 2]",16,"[32, 32]","[6, 12]",10,3,ml-1m,CTR,6,512,0.001,0.003,1e-05,0.9,None,1,0.8539380384701465,0.31661186963319776
42,KARSEIN,1,1,"[0, 1, 2]",32,"[32, 32]","[6, 12]",10,3,ml-1m,CTR,6,512,0.01,0.003,1e-05,0.9,None,0,0.8520788350807207,0.3181317910552025
42,KARSEIN,1,1,"[0, 1, 2]",32,"[32, 32]","[6, 12]",10,3,ml-1m,CTR,6,512,0.001,0.003,1e-05,0.9,None,1,0.8526995732269288,0.3177417695522308
42,KARSEIN,1,1,"[0, 1, 2]",16,"[32, 32]","[6, 12]",10,3,ml-1m,CTR,6,512,0.01,0.004,1e-05,0.9,None,0,0.853576353222898,0.3168665274977684
42,KARSEIN,1,1,"[0, 1, 2]",16,"[32, 32]","[6, 12]",10,3,ml-1m,CTR,6,512,0.001,0.004,1e-05,0.9,None,1,0.8536431859644941,0.3171258896589279
42,KARSEIN,1,1,"[0, 1, 2]",32,"[32, 32]","[6, 12]",10,3,ml-1m,CTR,6,512,0.01,0.004,1e-05,0.9,None,0,0.8523364317004039,0.3187299445271492
42,KARSEIN,1,1,"[0, 1, 2]",16,"[32, 32]","[6, 12]",5,1,ml-1m,CTR,6,512,0.01,0.002,1e-05,0.9,None,0,0.8521148116185134,0.3183851450681686
42,KARSEIN,1,1,"[0, 1, 2]",32,"[32, 32]","[6, 12]",10,3,ml-1m,CTR,6,512,0.001,0.004,1e-05,0.9,None,1,0.8522033018581151,0.3180804342031479
42,KARSEIN,1,1,"[0, 1, 2]",32,"[32, 32]","[6, 12]",5,1,ml-1m,CTR,6,512,0.01,0.002,1e-05,0.9,None,0,0.8521418153395857,0.31803683191537857
42,KARSEIN,1,1,"[0, 1, 2]",16,"[32, 32]","[6, 12]",5,1,ml-1m,CTR,6,512,0.001,0.002,1e-05,0.9,None,1,0.8522741272781159,0.31775508522987367
42,KARSEIN,1,1,"[0, 1, 2]",16,"[32, 32]","[6, 12]",5,1,ml-1m,CTR,6,512,0.01,0.003,1e-05,0.9,None,0,0.852598668882718,0.3181321531534195
42,KARSEIN,1,1,"[0, 1, 2]",32,"[32, 32]","[6, 12]",5,1,ml-1m,CTR,6,512,0.001,0.002,1e-05,0.9,None,1,0.8536078904495794,0.3177399605512619
42,KARSEIN,1,1,"[0, 1, 2]",32,"[32, 32]","[6, 12]",5,1,ml-1m,CTR,6,512,0.01,0.003,1e-05,0.9,None,0,0.8531822645396152,0.3171657517552376
42,KARSEIN,1,1,"[0, 1, 2]",16,"[32, 32]","[6, 12]",5,1,ml-1m,CTR,6,512,0.001,0.003,1e-05,0.9,None,1,0.8533575956226491,0.3172981560230255
42,KARSEIN,1,1,"[0, 1, 2]",16,"[32, 32]","[6, 12]",5,1,ml-1m,CTR,6,512,0.01,0.004,1e-05,0.9,None,0,0.852176610729536,0.3182806193828583
42,KARSEIN,1,1,"[0, 1, 2]",32,"[32, 32]","[6, 12]",5,1,ml-1m,CTR,6,512,0.001,0.003,1e-05,0.9,None,1,0.8533127553250663,0.31703722327947614
42,KARSEIN,1,1,"[0, 1, 2]",32,"[32, 32]","[6, 12]",5,1,ml-1m,CTR,6,512,0.01,0.004,1e-05,0.9,None,0,0.8530382347468934,0.3172765538096428
42,KARSEIN,1,1,"[0, 1, 2]",16,"[32, 32]","[6, 12]",5,1,ml-1m,CTR,6,512,0.001,0.004,1e-05,0.9,None,1,0.8534228393571054,0.31731516867876053
42,KARSEIN,1,1,"[0, 1, 2]",16,"[32, 32]","[6, 12]",5,2,ml-1m,CTR,6,512,0.01,0.002,1e-05,0.9,None,0,0.8523106314814661,0.3181838259100914
42,KARSEIN,1,1,"[0, 1, 2]",32,"[32, 32]","[6, 12]",5,1,ml-1m,CTR,6,512,0.001,0.004,1e-05,0.9,None,1,0.853212713536047,0.3169999524950981
42,KARSEIN,1,1,"[0, 1, 2]",32,"[32, 32]","[6, 12]",5,2,ml-1m,CTR,6,512,0.01,0.002,1e-05,0.9,None,0,0.852051773971725,0.31811001896858215
42,KARSEIN,1,1,"[0, 1, 2]",16,"[32, 32]","[6, 12]",5,2,ml-1m,CTR,6,512,0.001,0.002,1e-05,0.9,None,1,0.8522215558408813,0.3177603080868721
42,KARSEIN,1,1,"[0, 1, 2]",16,"[32, 32]","[6, 12]",5,2,ml-1m,CTR,6,512,0.01,0.003,1e-05,0.9,None,0,0.852546321461333,0.31822976320981977
42,KARSEIN,1,1,"[0, 1, 2]",32,"[32, 32]","[6, 12]",5,2,ml-1m,CTR,6,512,0.001,0.002,1e-05,0.9,None,1,0.8537586208110849,0.3176689460873604
42,KARSEIN,1,1,"[0, 1, 2]",16,"[32, 32]","[6, 12]",5,2,ml-1m,CTR,6,512,0.001,0.003,1e-05,0.9,None,1,0.8534361657631976,0.3172107458114624
42,KARSEIN,1,1,"[0, 1, 2]",32,"[32, 32]","[6, 12]",5,2,ml-1m,CTR,6,512,0.01,0.003,1e-05,0.9,None,0,0.8531979581681476,0.31715529412031174
42,KARSEIN,1,1,"[0, 1, 2]",32,"[32, 32]","[6, 12]",5,2,ml-1m,CTR,6,512,0.001,0.003,1e-05,0.9,None,1,0.8532248712511267,0.3170959696173668
42,KARSEIN,1,1,"[0, 1, 2]",16,"[32, 32]","[6, 12]",5,2,ml-1m,CTR,6,512,0.01,0.004,1e-05,0.9,None,0,0.8523729184299029,0.3181357055902481
42,KARSEIN,1,1,"[0, 1, 2]",16,"[32, 32]","[6, 12]",5,2,ml-1m,CTR,6,512,0.001,0.004,1e-05,0.9,None,1,0.8535554127140401,0.31717515289783477
42,KARSEIN,1,1,"[0, 1, 2]",32,"[32, 32]","[6, 12]",5,2,ml-1m,CTR,6,512,0.01,0.004,1e-05,0.9,None,0,0.8528486367663438,0.3174502432346344
42,KARSEIN,1,1,"[0, 1, 2]",32,"[32, 32]","[6, 12]",5,2,ml-1m,CTR,6,512,0.001,0.004,1e-05,0.9,None,1,0.8532792716043914,0.3169238194823265
42,KARSEIN,1,1,"[0, 1, 2]",16,"[32, 32]","[6, 12]",5,3,ml-1m,CTR,6,512,0.01,0.002,1e-05,0.9,None,0,0.8522884180198028,0.31819918006658554
42,KARSEIN,1,1,"[0, 1, 2]",16,"[32, 32]","[6, 12]",5,3,ml-1m,CTR,6,512,0.001,0.002,1e-05,0.9,None,1,0.8522475766490715,0.3177264004945755
42,KARSEIN,1,1,"[0, 1, 2]",32,"[32, 32]","[6, 12]",5,3,ml-1m,CTR,6,512,0.01,0.002,1e-05,0.9,None,0,0.852050250195135,0.3181308791041374
42,KARSEIN,1,1,"[0, 1, 2]",32,"[32, 32]","[6, 12]",5,3,ml-1m,CTR,6,512,0.001,0.002,1e-05,0.9,None,1,0.8535279875355212,0.3178044632077217
42,KARSEIN,1,1,"[0, 1, 2]",16,"[32, 32]","[6, 12]",5,3,ml-1m,CTR,6,512,0.01,0.003,1e-05,0.9,None,0,0.8525204649496059,0.31820638477802277
42,KARSEIN,1,1,"[0, 1, 2]",16,"[32, 32]","[6, 12]",5,3,ml-1m,CTR,6,512,0.001,0.003,1e-05,0.9,None,1,0.8533355772775165,0.3172627717256546
42,KARSEIN,1,1,"[0, 1, 2]",32,"[32, 32]","[6, 12]",5,3,ml-1m,CTR,6,512,0.01,0.003,1e-05,0.9,None,0,0.853211457316218,0.3171195209026337
42,KARSEIN,1,1,"[0, 1, 2]",32,"[32, 32]","[6, 12]",5,3,ml-1m,CTR,6,512,0.001,0.003,1e-05,0.9,None,1,0.8532316650466862,0.3171051308512688
42,KARSEIN,1,1,"[0, 1, 2]",16,"[32, 32]","[6, 12]",5,3,ml-1m,CTR,6,512,0.01,0.004,1e-05,0.9,None,0,0.8522203217893033,0.3182895049452782
42,KARSEIN,1,1,"[0, 1, 2]",16,"[32, 32]","[6, 12]",5,3,ml-1m,CTR,6,512,0.001,0.004,1e-05,0.9,None,1,0.8535887682260059,0.3171846330165863
42,KARSEIN,1,1,"[0, 1, 2]",32,"[32, 32]","[6, 12]",5,3,ml-1m,CTR,6,512,0.01,0.004,1e-05,0.9,None,0,0.8529402146058216,0.31740954965353013
42,KARSEIN,1,1,"[0, 1, 2]",16,"[32, 32]","[6, 12]",3,1,ml-1m,CTR,6,512,0.01,0.002,1e-05,0.9,None,0,0.8534679911298827,0.3176255390048027
42,KARSEIN,1,1,"[0, 1, 2]",32,"[32, 32]","[6, 12]",5,3,ml-1m,CTR,6,512,0.001,0.004,1e-05,0.9,None,1,0.8532274519258017,0.31699190437793734
42,KARSEIN,1,1,"[0, 1, 2]",32,"[32, 32]","[6, 12]",3,1,ml-1m,CTR,6,512,0.01,0.002,1e-05,0.9,None,0,0.8534858589379206,0.31680102199316024
42,KARSEIN,1,1,"[0, 1, 2]",16,"[32, 32]","[6, 12]",3,1,ml-1m,CTR,6,512,0.001,0.002,1e-05,0.9,None,1,0.8534243314592882,0.3172831922769547
42,KARSEIN,1,1,"[0, 1, 2]",16,"[32, 32]","[6, 12]",3,1,ml-1m,CTR,6,512,0.01,0.003,1e-05,0.9,None,0,0.8535162979712348,0.31712600886821746
42,KARSEIN,1,1,"[0, 1, 2]",32,"[32, 32]","[6, 12]",3,1,ml-1m,CTR,6,512,0.001,0.002,1e-05,0.9,None,1,0.8528768675660011,0.3176921993494034
42,KARSEIN,1,1,"[0, 1, 2]",32,"[32, 32]","[6, 12]",3,1,ml-1m,CTR,6,512,0.01,0.003,1e-05,0.9,None,0,0.8542598987964096,0.31637286096811296
42,KARSEIN,1,1,"[0, 1, 2]",16,"[32, 32]","[6, 12]",3,1,ml-1m,CTR,6,512,0.001,0.003,1e-05,0.9,None,1,0.8544119371613453,0.3166512355208397
42,KARSEIN,1,1,"[0, 1, 2]",16,"[32, 32]","[6, 12]",3,1,ml-1m,CTR,6,512,0.01,0.004,1e-05,0.9,None,0,0.8531091029279679,0.3173215940594673
42,KARSEIN,1,1,"[0, 1, 2]",32,"[32, 32]","[6, 12]",3,1,ml-1m,CTR,6,512,0.001,0.003,1e-05,0.9,None,1,0.852546936664638,0.31731065213680265
42,KARSEIN,1,1,"[0, 1, 2]",32,"[32, 32]","[6, 12]",3,1,ml-1m,CTR,6,512,0.01,0.004,1e-05,0.9,None,0,0.8532519798659839,0.3170205146074295
42,KARSEIN,1,1,"[0, 1, 2]",16,"[32, 32]","[6, 12]",3,1,ml-1m,CTR,6,512,0.001,0.004,1e-05,0.9,None,1,0.8546559480965253,0.31632075160741807
42,KARSEIN,1,1,"[0, 1, 2]",32,"[32, 32]","[6, 12]",3,1,ml-1m,CTR,6,512,0.001,0.004,1e-05,0.9,None,1,0.8524796511760353,0.31831775307655336
42,KARSEIN,1,1,"[0, 1, 2]",16,"[32, 32]","[6, 12]",3,2,ml-1m,CTR,6,512,0.01,0.002,1e-05,0.9,None,0,0.8521519412668127,0.318310858309269
42,KARSEIN,1,1,"[0, 1, 2]",16,"[32, 32]","[6, 12]",3,2,ml-1m,CTR,6,512,0.001,0.002,1e-05,0.9,None,1,0.8533899384260948,0.31730579435825346
42,KARSEIN,1,1,"[0, 1, 2]",32,"[32, 32]","[6, 12]",3,2,ml-1m,CTR,6,512,0.01,0.002,1e-05,0.9,None,0,0.8532629572355157,0.31699845045804975
42,KARSEIN,1,1,"[0, 1, 2]",32,"[32, 32]","[6, 12]",3,2,ml-1m,CTR,6,512,0.001,0.002,1e-05,0.9,None,1,0.8529256899907534,0.31765272170305253
42,KARSEIN,1,1,"[0, 1, 2]",16,"[32, 32]","[6, 12]",3,2,ml-1m,CTR,6,512,0.01,0.003,1e-05,0.9,None,0,0.8537831607367089,0.31692744195461275
42,KARSEIN,1,1,"[0, 1, 2]",16,"[32, 32]","[6, 12]",3,2,ml-1m,CTR,6,512,0.001,0.003,1e-05,0.9,None,1,0.8545491740587785,0.31655455380678177
42,KARSEIN,1,1,"[0, 1, 2]",32,"[32, 32]","[6, 12]",3,2,ml-1m,CTR,6,512,0.01,0.003,1e-05,0.9,None,0,0.8541093775295003,0.3165087431669235
42,KARSEIN,1,1,"[0, 1, 2]",32,"[32, 32]","[6, 12]",3,2,ml-1m,CTR,6,512,0.001,0.003,1e-05,0.9,None,1,0.8521546961099599,0.31766989529132844
42,KARSEIN,1,1,"[0, 1, 2]",16,"[32, 32]","[6, 12]",3,2,ml-1m,CTR,6,512,0.01,0.004,1e-05,0.9,None,0,0.8531447955712752,0.317283071577549
42,KARSEIN,1,1,"[0, 1, 2]",16,"[32, 32]","[6, 12]",3,2,ml-1m,CTR,6,512,0.001,0.004,1e-05,0.9,None,1,0.8550706022239718,0.3160004362463951
42,KARSEIN,1,1,"[0, 1, 2]",32,"[32, 32]","[6, 12]",3,2,ml-1m,CTR,6,512,0.01,0.004,1e-05,0.9,None,0,0.8526131012098945,0.317501126229763
42,KARSEIN,1,1,"[0, 1, 2]",32,"[32, 32]","[6, 12]",3,2,ml-1m,CTR,6,512,0.001,0.004,1e-05,0.9,None,1,0.8518210993386477,0.31802110373973846
42,KARSEIN,1,1,"[0, 1, 2]",16,"[32, 32]","[6, 12]",3,3,ml-1m,CTR,6,512,0.01,0.002,1e-05,0.9,None,0,0.852209706968066,0.3182781025767326
42,KARSEIN,1,1,"[0, 1, 2]",16,"[32, 32]","[6, 12]",3,3,ml-1m,CTR,6,512,0.001,0.002,1e-05,0.9,None,1,0.8533942903964625,0.31731118857860563
42,KARSEIN,1,1,"[0, 1, 2]",32,"[32, 32]","[6, 12]",3,3,ml-1m,CTR,6,512,0.01,0.002,1e-05,0.9,None,0,0.8530019476783778,0.3171696558594704
42,KARSEIN,1,1,"[0, 1, 2]",32,"[32, 32]","[6, 12]",3,3,ml-1m,CTR,6,512,0.001,0.002,1e-05,0.9,None,1,0.853324154456882,0.31730369180440904
42,KARSEIN,1,1,"[0, 1, 2]",16,"[32, 32]","[6, 12]",3,3,ml-1m,CTR,6,512,0.01,0.003,1e-05,0.9,None,0,0.8538293681200664,0.31688329130411147
42,KARSEIN,1,1,"[0, 1, 2]",16,"[32, 32]","[6, 12]",3,3,ml-1m,CTR,6,512,0.001,0.003,1e-05,0.9,None,1,0.8545078424664154,0.316600801050663
42,KARSEIN,1,1,"[0, 1, 2]",32,"[32, 32]","[6, 12]",3,3,ml-1m,CTR,6,512,0.01,0.003,1e-05,0.9,None,0,0.8542302783930357,0.3163323923945427
42,KARSEIN,1,1,"[0, 1, 2]",32,"[32, 32]","[6, 12]",3,3,ml-1m,CTR,6,512,0.001,0.003,1e-05,0.9,None,1,0.8526676186021696,0.3171434596180916
42,KARSEIN,1,1,"[0, 1, 2]",16,"[32, 32]","[6, 12]",3,3,ml-1m,CTR,6,512,0.01,0.004,1e-05,0.9,None,0,0.8530864508445875,0.3173247635364532
42,KARSEIN,1,1,"[0, 1, 2]",16,"[32, 32]","[6, 12]",3,3,ml-1m,CTR,6,512,0.001,0.004,1e-05,0.9,None,1,0.8549122470999754,0.31612194925546644
42,KARSEIN,1,1,"[0, 1, 2]",32,"[32, 32]","[6, 12]",3,3,ml-1m,CTR,6,512,0.01,0.004,1e-05,0.9,None,0,0.8532695988244627,0.31698074340820315
42,KARSEIN,1,1,"[0, 1, 2]",16,"[32, 32]","[12, 6]",10,1,ml-1m,CTR,6,512,0.01,0.002,1e-05,0.9,None,0,0.8542475350197989,0.31620234847068784
42,KARSEIN,1,1,"[0, 1, 2]",32,"[32, 32]","[6, 12]",3,3,ml-1m,CTR,6,512,0.001,0.004,1e-05,0.9,None,1,0.8523138577352729,0.3184409961104393
42,KARSEIN,1,1,"[0, 1, 2]",32,"[32, 32]","[12, 6]",10,1,ml-1m,CTR,6,512,0.01,0.002,1e-05,0.9,None,0,0.8517309120819044,0.31876449286937714
42,KARSEIN,1,1,"[0, 1, 2]",16,"[32, 32]","[12, 6]",10,1,ml-1m,CTR,6,512,0.001,0.002,1e-05,0.9,None,1,0.8475191122987727,0.32246327251195905
42,KARSEIN,1,1,"[0, 1, 2]",16,"[32, 32]","[12, 6]",10,1,ml-1m,CTR,6,512,0.01,0.003,1e-05,0.9,None,0,0.8544936661032375,0.31637065261602404
42,KARSEIN,1,1,"[0, 1, 2]",32,"[32, 32]","[12, 6]",10,1,ml-1m,CTR,6,512,0.001,0.002,1e-05,0.9,None,1,0.8518809496845211,0.3192759871482849
42,KARSEIN,1,1,"[0, 1, 2]",32,"[32, 32]","[12, 6]",10,1,ml-1m,CTR,6,512,0.01,0.003,1e-05,0.9,None,0,0.852464062279912,0.3180777966976166
42,KARSEIN,1,1,"[0, 1, 2]",16,"[32, 32]","[12, 6]",10,1,ml-1m,CTR,6,512,0.001,0.003,1e-05,0.9,None,1,0.8458730496367369,0.3230684369802475
42,KARSEIN,1,1,"[0, 1, 2]",16,"[32, 32]","[12, 6]",10,1,ml-1m,CTR,6,512,0.01,0.004,1e-05,0.9,None,0,0.8545835983514467,0.3163042560219765
42,KARSEIN,1,1,"[0, 1, 2]",32,"[32, 32]","[12, 6]",10,1,ml-1m,CTR,6,512,0.001,0.003,1e-05,0.9,None,1,0.8538211385766102,0.31770834475755694
42,KARSEIN,1,1,"[0, 1, 2]",32,"[32, 32]","[12, 6]",10,1,ml-1m,CTR,6,512,0.01,0.004,1e-05,0.9,None,0,0.8537163305261022,0.31732104569673536
42,KARSEIN,1,1,"[0, 1, 2]",16,"[32, 32]","[12, 6]",10,1,ml-1m,CTR,6,512,0.001,0.004,1e-05,0.9,None,1,0.8528178639567454,0.3174728095531464
42,KARSEIN,1,1,"[0, 1, 2]",16,"[32, 32]","[12, 6]",10,2,ml-1m,CTR,6,512,0.01,0.002,1e-05,0.9,None,0,0.8539856190151859,0.3164622664451599
42,KARSEIN,1,1,"[0, 1, 2]",32,"[32, 32]","[12, 6]",10,1,ml-1m,CTR,6,512,0.001,0.004,1e-05,0.9,None,1,0.8519609759069645,0.3178744003176689
42,KARSEIN,1,1,"[0, 1, 2]",16,"[32, 32]","[12, 6]",10,2,ml-1m,CTR,6,512,0.001,0.002,1e-05,0.9,None,1,0.852863602802581,0.3173946216702461
42,KARSEIN,1,1,"[0, 1, 2]",32,"[32, 32]","[12, 6]",10,2,ml-1m,CTR,6,512,0.01,0.002,1e-05,0.9,None,0,0.8531958755679572,0.3174433529376984
42,KARSEIN,1,1,"[0, 1, 2]",32,"[32, 32]","[12, 6]",10,2,ml-1m,CTR,6,512,0.001,0.002,1e-05,0.9,None,1,0.8499409908341541,0.3199720025062561
42,KARSEIN,1,1,"[0, 1, 2]",16,"[32, 32]","[12, 6]",10,2,ml-1m,CTR,6,512,0.01,0.003,1e-05,0.9,None,0,0.8551339779844629,0.3156883120536804
42,KARSEIN,1,1,"[0, 1, 2]",16,"[32, 32]","[12, 6]",10,2,ml-1m,CTR,6,512,0.001,0.003,1e-05,0.9,None,1,0.8544236273955752,0.3164951950311661
42,KARSEIN,1,1,"[0, 1, 2]",32,"[32, 32]","[12, 6]",10,2,ml-1m,CTR,6,512,0.01,0.003,1e-05,0.9,None,0,0.8524665068498711,0.3175415307283401
42,KARSEIN,1,1,"[0, 1, 2]",32,"[32, 32]","[12, 6]",10,2,ml-1m,CTR,6,512,0.001,0.003,1e-05,0.9,None,1,0.85163688135189,0.31854513585567473
42,KARSEIN,1,1,"[0, 1, 2]",16,"[32, 32]","[12, 6]",10,2,ml-1m,CTR,6,512,0.01,0.004,1e-05,0.9,None,0,0.8531440559075977,0.31720373779535294
42,KARSEIN,1,1,"[0, 1, 2]",16,"[32, 32]","[12, 6]",10,2,ml-1m,CTR,6,512,0.001,0.004,1e-05,0.9,None,1,0.853949226864405,0.31710175424814224
42,KARSEIN,1,1,"[0, 1, 2]",32,"[32, 32]","[12, 6]",10,2,ml-1m,CTR,6,512,0.01,0.004,1e-05,0.9,None,0,0.8536291833078694,0.3173600971698761
42,KARSEIN,1,1,"[0, 1, 2]",32,"[32, 32]","[12, 6]",10,2,ml-1m,CTR,6,512,0.001,0.004,1e-05,0.9,None,1,0.8491679257998725,0.3206119820475578
42,KARSEIN,1,1,"[0, 1, 2]",16,"[32, 32]","[12, 6]",10,3,ml-1m,CTR,6,512,0.01,0.002,1e-05,0.9,None,0,0.8540884376158878,0.3163684710860252
42,KARSEIN,1,1,"[0, 1, 2]",16,"[32, 32]","[12, 6]",10,3,ml-1m,CTR,6,512,0.001,0.002,1e-05,0.9,None,1,0.853345038831888,0.31700133681297304
42,KARSEIN,1,1,"[0, 1, 2]",32,"[32, 32]","[12, 6]",10,3,ml-1m,CTR,6,512,0.01,0.002,1e-05,0.9,None,0,0.8527120500804426,0.31817161589860915
42,KARSEIN,1,1,"[0, 1, 2]",32,"[32, 32]","[12, 6]",10,3,ml-1m,CTR,6,512,0.001,0.002,1e-05,0.9,None,1,0.8515607630034211,0.3186348438262939
42,KARSEIN,1,1,"[0, 1, 2]",16,"[32, 32]","[12, 6]",10,3,ml-1m,CTR,6,512,0.01,0.003,1e-05,0.9,None,0,0.854709729057898,0.31610452979803083
42,KARSEIN,1,1,"[0, 1, 2]",16,"[32, 32]","[12, 6]",10,3,ml-1m,CTR,6,512,0.001,0.003,1e-05,0.9,None,1,0.8539425041638877,0.3169639214873314
42,KARSEIN,1,1,"[0, 1, 2]",32,"[32, 32]","[12, 6]",10,3,ml-1m,CTR,6,512,0.01,0.003,1e-05,0.9,None,0,0.8522335965253547,0.31775006651878357
42,KARSEIN,1,1,"[0, 1, 2]",32,"[32, 32]","[12, 6]",10,3,ml-1m,CTR,6,512,0.001,0.003,1e-05,0.9,None,1,0.8530080118588078,0.31755139529705045
42,KARSEIN,1,1,"[0, 1, 2]",16,"[32, 32]","[12, 6]",10,3,ml-1m,CTR,6,512,0.01,0.004,1e-05,0.9,None,0,0.8528573022149908,0.3173138380050659
42,KARSEIN,1,1,"[0, 1, 2]",16,"[32, 32]","[12, 6]",10,3,ml-1m,CTR,6,512,0.001,0.004,1e-05,0.9,None,1,0.8538277429241123,0.3174404472112656
42,KARSEIN,1,1,"[0, 1, 2]",32,"[32, 32]","[12, 6]",10,3,ml-1m,CTR,6,512,0.01,0.004,1e-05,0.9,None,0,0.85325145775055,0.3177878215909004
42,KARSEIN,1,1,"[0, 1, 2]",32,"[32, 32]","[12, 6]",10,3,ml-1m,CTR,6,512,0.001,0.004,1e-05,0.9,None,1,0.8528673225627823,0.317757810652256
42,KARSEIN,1,1,"[0, 1, 2]",16,"[32, 32]","[12, 6]",5,1,ml-1m,CTR,6,512,0.01,0.002,1e-05,0.9,None,0,0.8495053532880206,0.32093296498060225
42,KARSEIN,1,1,"[0, 1, 2]",16,"[32, 32]","[12, 6]",5,1,ml-1m,CTR,6,512,0.001,0.002,1e-05,0.9,None,1,0.8509994257507321,0.31989828646183016
42,KARSEIN,1,1,"[0, 1, 2]",32,"[32, 32]","[12, 6]",5,1,ml-1m,CTR,6,512,0.01,0.002,1e-05,0.9,None,0,0.8526429122489132,0.31816802322864535
42,KARSEIN,1,1,"[0, 1, 2]",32,"[32, 32]","[12, 6]",5,1,ml-1m,CTR,6,512,0.001,0.002,1e-05,0.9,None,1,0.8527125845021988,0.3177408516407013
42,KARSEIN,1,1,"[0, 1, 2]",16,"[32, 32]","[12, 6]",5,1,ml-1m,CTR,6,512,0.01,0.003,1e-05,0.9,None,0,0.8515075207856333,0.3189327880740166
42,KARSEIN,1,1,"[0, 1, 2]",16,"[32, 32]","[12, 6]",5,1,ml-1m,CTR,6,512,0.001,0.003,1e-05,0.9,None,1,0.850390585754595,0.32008927762508393
42,KARSEIN,1,1,"[0, 1, 2]",32,"[32, 32]","[12, 6]",5,1,ml-1m,CTR,6,512,0.01,0.003,1e-05,0.9,None,0,0.8528970928851944,0.31777514815330504
42,KARSEIN,1,1,"[0, 1, 2]",32,"[32, 32]","[12, 6]",5,1,ml-1m,CTR,6,512,0.001,0.003,1e-05,0.9,None,1,0.8532207681592899,0.31727017313241956
42,KARSEIN,1,1,"[0, 1, 2]",16,"[32, 32]","[12, 6]",5,1,ml-1m,CTR,6,512,0.01,0.004,1e-05,0.9,None,0,0.8526643227962405,0.3177140548825264
42,KARSEIN,1,1,"[0, 1, 2]",16,"[32, 32]","[12, 6]",5,1,ml-1m,CTR,6,512,0.001,0.004,1e-05,0.9,None,1,0.8541107629670279,0.3164813965559006
42,KARSEIN,1,1,"[0, 1, 2]",32,"[32, 32]","[12, 6]",5,1,ml-1m,CTR,6,512,0.01,0.004,1e-05,0.9,None,0,0.8541115825897705,0.31672028750181197
42,KARSEIN,1,1,"[0, 1, 2]",32,"[32, 32]","[12, 6]",5,1,ml-1m,CTR,6,512,0.001,0.004,1e-05,0.9,None,1,0.8527034964989868,0.31794293820858
42,KARSEIN,1,1,"[0, 1, 2]",16,"[32, 32]","[12, 6]",5,2,ml-1m,CTR,6,512,0.01,0.002,1e-05,0.9,None,0,0.84940100257706,0.32091728746891024
42,KARSEIN,1,1,"[0, 1, 2]",16,"[32, 32]","[12, 6]",5,2,ml-1m,CTR,6,512,0.001,0.002,1e-05,0.9,None,1,0.8526780175860018,0.31851925402879716
42,KARSEIN,1,1,"[0, 1, 2]",32,"[32, 32]","[12, 6]",5,2,ml-1m,CTR,6,512,0.01,0.002,1e-05,0.9,None,0,0.853076285918041,0.3176760464906693
42,KARSEIN,1,1,"[0, 1, 2]",32,"[32, 32]","[12, 6]",5,2,ml-1m,CTR,6,512,0.001,0.002,1e-05,0.9,None,1,0.8527555630677754,0.3176454946398735
42,KARSEIN,1,1,"[0, 1, 2]",16,"[32, 32]","[12, 6]",5,2,ml-1m,CTR,6,512,0.01,0.003,1e-05,0.9,None,0,0.8513088395982505,0.31903543770313264
42,KARSEIN,1,1,"[0, 1, 2]",16,"[32, 32]","[12, 6]",5,2,ml-1m,CTR,6,512,0.001,0.003,1e-05,0.9,None,1,0.8522380412525721,0.31819301247596743
42,KARSEIN,1,1,"[0, 1, 2]",32,"[32, 32]","[12, 6]",5,2,ml-1m,CTR,6,512,0.01,0.003,1e-05,0.9,None,0,0.8531108047838636,0.3177381753921509
42,KARSEIN,1,1,"[0, 1, 2]",32,"[32, 32]","[12, 6]",5,2,ml-1m,CTR,6,512,0.001,0.003,1e-05,0.9,None,1,0.8530250828783661,0.3174522712826729
42,KARSEIN,1,1,"[0, 1, 2]",16,"[32, 32]","[12, 6]",5,2,ml-1m,CTR,6,512,0.01,0.004,1e-05,0.9,None,0,0.8539843512883222,0.31662416607141497
42,KARSEIN,1,1,"[0, 1, 2]",16,"[32, 32]","[12, 6]",5,2,ml-1m,CTR,6,512,0.001,0.004,1e-05,0.9,None,1,0.8544930553639254,0.31612844616174696
42,KARSEIN,1,1,"[0, 1, 2]",32,"[32, 32]","[12, 6]",5,2,ml-1m,CTR,6,512,0.01,0.004,1e-05,0.9,None,0,0.8541741361693873,0.31664128303527833
42,KARSEIN,1,1,"[0, 1, 2]",32,"[32, 32]","[12, 6]",5,2,ml-1m,CTR,6,512,0.001,0.004,1e-05,0.9,None,1,0.8529677806278553,0.31745254397392275
42,KARSEIN,1,1,"[0, 1, 2]",16,"[32, 32]","[12, 6]",5,3,ml-1m,CTR,6,512,0.01,0.002,1e-05,0.9,None,0,0.848957835954663,0.3212661072611809
42,KARSEIN,1,1,"[0, 1, 2]",16,"[32, 32]","[12, 6]",5,3,ml-1m,CTR,6,512,0.001,0.002,1e-05,0.9,None,1,0.8525312983617501,0.3185728326439857
42,KARSEIN,1,1,"[0, 1, 2]",32,"[32, 32]","[12, 6]",5,3,ml-1m,CTR,6,512,0.01,0.002,1e-05,0.9,None,0,0.853222821399636,0.31752024590969086
42,KARSEIN,1,1,"[0, 1, 2]",32,"[32, 32]","[12, 6]",5,3,ml-1m,CTR,6,512,0.001,0.002,1e-05,0.9,None,1,0.8529414703505827,0.31757333427667617
42,KARSEIN,1,1,"[0, 1, 2]",16,"[32, 32]","[12, 6]",5,3,ml-1m,CTR,6,512,0.01,0.003,1e-05,0.9,None,0,0.8497818774587624,0.32021754533052443
42,KARSEIN,1,1,"[0, 1, 2]",16,"[32, 32]","[12, 6]",5,3,ml-1m,CTR,6,512,0.001,0.003,1e-05,0.9,None,1,0.851894071769942,0.3189131051301956
42,KARSEIN,1,1,"[0, 1, 2]",32,"[32, 32]","[12, 6]",5,3,ml-1m,CTR,6,512,0.01,0.003,1e-05,0.9,None,0,0.8539337770905855,0.31705375462770463
42,KARSEIN,1,1,"[0, 1, 2]",32,"[32, 32]","[12, 6]",5,3,ml-1m,CTR,6,512,0.001,0.003,1e-05,0.9,None,1,0.8528016479450352,0.3176356241106987
42,KARSEIN,1,1,"[0, 1, 2]",16,"[32, 32]","[12, 6]",5,3,ml-1m,CTR,6,512,0.01,0.004,1e-05,0.9,None,0,0.8524965933259875,0.3177718997001648
42,KARSEIN,1,1,"[0, 1, 2]",16,"[32, 32]","[12, 6]",5,3,ml-1m,CTR,6,512,0.001,0.004,1e-05,0.9,None,1,0.8537647226665763,0.31681460589170457
42,KARSEIN,1,1,"[0, 1, 2]",32,"[32, 32]","[12, 6]",5,3,ml-1m,CTR,6,512,0.01,0.004,1e-05,0.9,None,0,0.8542291014696912,0.3167500525712967
42,KARSEIN,1,1,"[0, 1, 2]",32,"[32, 32]","[12, 6]",5,3,ml-1m,CTR,6,512,0.001,0.004,1e-05,0.9,None,1,0.8531582701673818,0.3173332497477531
42,KARSEIN,1,1,"[0, 1, 2]",16,"[32, 32]","[12, 6]",3,1,ml-1m,CTR,6,512,0.01,0.002,1e-05,0.9,None,0,0.8486156149582843,0.3215474054217339
42,KARSEIN,1,1,"[0, 1, 2]",16,"[32, 32]","[12, 6]",3,1,ml-1m,CTR,6,512,0.001,0.002,1e-05,0.9,None,1,0.8500715748569523,0.3206347063183784
42,KARSEIN,1,1,"[0, 1, 2]",32,"[32, 32]","[12, 6]",3,1,ml-1m,CTR,6,512,0.01,0.002,1e-05,0.9,None,0,0.8541696566018542,0.31690680533647536
42,KARSEIN,1,1,"[0, 1, 2]",32,"[32, 32]","[12, 6]",3,1,ml-1m,CTR,6,512,0.001,0.002,1e-05,0.9,None,1,0.8535729708121209,0.3172079220414162
42,KARSEIN,1,1,"[0, 1, 2]",16,"[32, 32]","[12, 6]",3,1,ml-1m,CTR,6,512,0.01,0.003,1e-05,0.9,None,0,0.8521063256211594,0.3186989426612854
42,KARSEIN,1,1,"[0, 1, 2]",16,"[32, 32]","[12, 6]",3,1,ml-1m,CTR,6,512,0.001,0.003,1e-05,0.9,None,1,0.8513578350789321,0.31855997294187544
42,KARSEIN,1,1,"[0, 1, 2]",32,"[32, 32]","[12, 6]",3,1,ml-1m,CTR,6,512,0.01,0.003,1e-05,0.9,None,0,0.8528951483047142,0.3173914313316345
42,KARSEIN,1,1,"[0, 1, 2]",16,"[32, 32]","[12, 6]",3,1,ml-1m,CTR,6,512,0.01,0.004,1e-05,0.9,None,0,0.8522300187372238,0.3184502780437469
42,KARSEIN,1,1,"[0, 1, 2]",32,"[32, 32]","[12, 6]",3,1,ml-1m,CTR,6,512,0.001,0.003,1e-05,0.9,None,1,0.8526581801567092,0.31737100780010224
42,KARSEIN,1,1,"[0, 1, 2]",16,"[32, 32]","[12, 6]",3,1,ml-1m,CTR,6,512,0.001,0.004,1e-05,0.9,None,1,0.8524460521440286,0.3177232027053833
42,KARSEIN,1,1,"[0, 1, 2]",32,"[32, 32]","[12, 6]",3,1,ml-1m,CTR,6,512,0.01,0.004,1e-05,0.9,None,0,0.8525355244273536,0.3178624853491783
42,KARSEIN,1,1,"[0, 1, 2]",32,"[32, 32]","[12, 6]",3,1,ml-1m,CTR,6,512,0.001,0.004,1e-05,0.9,None,1,0.8529420264696252,0.3175094723701477
42,KARSEIN,1,1,"[0, 1, 2]",16,"[32, 32]","[12, 6]",3,2,ml-1m,CTR,6,512,0.01,0.002,1e-05,0.9,None,0,0.8497948156751972,0.32011491656303404
42,KARSEIN,1,1,"[0, 1, 2]",16,"[32, 32]","[12, 6]",3,2,ml-1m,CTR,6,512,0.001,0.002,1e-05,0.9,None,1,0.8507844778916208,0.319622765481472
42,KARSEIN,1,1,"[0, 1, 2]",32,"[32, 32]","[12, 6]",3,2,ml-1m,CTR,6,512,0.01,0.002,1e-05,0.9,None,0,0.854118850011587,0.3170219749212265
42,KARSEIN,1,1,"[0, 1, 2]",32,"[32, 32]","[12, 6]",3,2,ml-1m,CTR,6,512,0.001,0.002,1e-05,0.9,None,1,0.8533659168312449,0.3172709092497826
42,KARSEIN,1,1,"[0, 1, 2]",16,"[32, 32]","[12, 6]",3,2,ml-1m,CTR,6,512,0.01,0.003,1e-05,0.9,None,0,0.8537552561013821,0.31677612513303754
42,KARSEIN,1,1,"[0, 1, 2]",16,"[32, 32]","[12, 6]",3,2,ml-1m,CTR,6,512,0.001,0.003,1e-05,0.9,None,1,0.8517988040409863,0.31821573078632354
42,KARSEIN,1,1,"[0, 1, 2]",32,"[32, 32]","[12, 6]",3,2,ml-1m,CTR,6,512,0.01,0.003,1e-05,0.9,None,0,0.8534192268146142,0.31699789613485335
42,KARSEIN,1,1,"[0, 1, 2]",32,"[32, 32]","[12, 6]",3,2,ml-1m,CTR,6,512,0.001,0.003,1e-05,0.9,None,1,0.852733573401513,0.31737241595983506
42,KARSEIN,1,1,"[0, 1, 2]",16,"[32, 32]","[12, 6]",3,2,ml-1m,CTR,6,512,0.01,0.004,1e-05,0.9,None,0,0.8517474937429395,0.3184654101729393
42,KARSEIN,1,1,"[0, 1, 2]",16,"[32, 32]","[12, 6]",3,2,ml-1m,CTR,6,512,0.001,0.004,1e-05,0.9,None,1,0.8531705146089028,0.31691841036081314
42,KARSEIN,1,1,"[0, 1, 2]",32,"[32, 32]","[12, 6]",3,2,ml-1m,CTR,6,512,0.01,0.004,1e-05,0.9,None,0,0.8536476490528727,0.3172082245349884
42,KARSEIN,1,1,"[0, 1, 2]",32,"[32, 32]","[12, 6]",3,2,ml-1m,CTR,6,512,0.001,0.004,1e-05,0.9,None,1,0.8530850562718812,0.317670239508152
42,KARSEIN,1,1,"[0, 1, 2]",16,"[32, 32]","[12, 6]",3,3,ml-1m,CTR,6,512,0.01,0.002,1e-05,0.9,None,0,0.8497970014978178,0.3201100766658783
42,KARSEIN,1,1,"[0, 1, 2]",16,"[32, 32]","[12, 6]",3,3,ml-1m,CTR,6,512,0.001,0.002,1e-05,0.9,None,1,0.8507313016567242,0.31967667639255526
42,KARSEIN,1,1,"[0, 1, 2]",32,"[32, 32]","[12, 6]",3,3,ml-1m,CTR,6,512,0.01,0.002,1e-05,0.9,None,0,0.8542301880297514,0.3169268384575844
42,KARSEIN,1,1,"[0, 1, 2]",32,"[32, 32]","[12, 6]",3,3,ml-1m,CTR,6,512,0.001,0.002,1e-05,0.9,None,1,0.8535552598600968,0.3170931443572044
42,KARSEIN,1,1,"[0, 1, 2]",16,"[32, 32]","[12, 6]",3,3,ml-1m,CTR,6,512,0.01,0.003,1e-05,0.9,None,0,0.8536112587654996,0.31687880456447604
42,KARSEIN,1,1,"[0, 1, 2]",16,"[32, 32]","[12, 6]",3,3,ml-1m,CTR,6,512,0.001,0.003,1e-05,0.9,None,1,0.8518724847954349,0.31817859411239624
42,KARSEIN,1,1,"[0, 1, 2]",32,"[32, 32]","[12, 6]",3,3,ml-1m,CTR,6,512,0.01,0.003,1e-05,0.9,None,0,0.8535085474815263,0.3169289201498032
42,KARSEIN,1,1,"[0, 1, 2]",32,"[32, 32]","[12, 6]",3,3,ml-1m,CTR,6,512,0.001,0.003,1e-05,0.9,None,1,0.8526482968398594,0.3174139067530632
42,KARSEIN,1,1,"[0, 1, 2]",16,"[32, 32]","[12, 6]",3,3,ml-1m,CTR,6,512,0.01,0.004,1e-05,0.9,None,0,0.8544446783512905,0.3161927580833435
42,KARSEIN,1,1,"[0, 1, 2]",16,"[32, 32]","[12, 6]",3,3,ml-1m,CTR,6,512,0.001,0.004,1e-05,0.9,None,1,0.8531582017381283,0.3169058933854103
42,KARSEIN,1,1,"[0, 1, 2]",32,"[32, 32]","[12, 6]",3,3,ml-1m,CTR,6,512,0.01,0.004,1e-05,0.9,None,0,0.8534751391271314,0.31727030873298645
42,KARSEIN,1,1,"[0, 1, 2]",32,"[32, 32]","[12, 6]",3,3,ml-1m,CTR,6,512,0.001,0.004,1e-05,0.9,None,1,0.8529475692509061,0.31773511320352554
42,KARSEIN,1,1,"[0, 1, 2]",16,"[32, 32]","[6, 6, 6]",10,1,ml-1m,CTR,6,512,0.01,0.002,1e-05,0.9,None,0,0.8517568908481306,0.31885080635547636
42,KARSEIN,1,1,"[0, 1, 2]",16,"[32, 32]","[6, 6, 6]",10,1,ml-1m,CTR,6,512,0.001,0.002,1e-05,0.9,None,1,0.8504676362998552,0.32010204792022706
42,KARSEIN,1,1,"[0, 1, 2]",32,"[32, 32]","[6, 6, 6]",10,1,ml-1m,CTR,6,512,0.01,0.002,1e-05,0.9,None,0,0.8524806507443486,0.31758277863264084
42,KARSEIN,1,1,"[0, 1, 2]",32,"[32, 32]","[6, 6, 6]",10,1,ml-1m,CTR,6,512,0.001,0.002,1e-05,0.9,None,1,0.8506721391430296,0.31931073069572447
42,KARSEIN,1,1,"[0, 1, 2]",16,"[32, 32]","[6, 6, 6]",10,1,ml-1m,CTR,6,512,0.01,0.003,1e-05,0.9,None,0,0.8524449995004106,0.3180322632193565
42,KARSEIN,1,1,"[0, 1, 2]",16,"[32, 32]","[6, 6, 6]",10,1,ml-1m,CTR,6,512,0.001,0.003,1e-05,0.9,None,1,0.8532219440913138,0.3170613363385201
42,KARSEIN,1,1,"[0, 1, 2]",32,"[32, 32]","[6, 6, 6]",10,1,ml-1m,CTR,6,512,0.01,0.003,1e-05,0.9,None,0,0.8539187199820845,0.3163779258728027
42,KARSEIN,1,1,"[0, 1, 2]",16,"[32, 32]","[6, 6, 6]",10,1,ml-1m,CTR,6,512,0.01,0.004,1e-05,0.9,None,0,0.8537624872708488,0.31685037463903426
42,KARSEIN,1,1,"[0, 1, 2]",32,"[32, 32]","[6, 6, 6]",10,1,ml-1m,CTR,6,512,0.001,0.003,1e-05,0.9,None,1,0.8525566776903977,0.3175652876496315
42,KARSEIN,1,1,"[0, 1, 2]",32,"[32, 32]","[6, 6, 6]",10,1,ml-1m,CTR,6,512,0.01,0.004,1e-05,0.9,None,0,0.8536984111006616,0.3165400117635727
42,KARSEIN,1,1,"[0, 1, 2]",16,"[32, 32]","[6, 6, 6]",10,1,ml-1m,CTR,6,512,0.001,0.004,1e-05,0.9,None,1,0.8536359421036078,0.3168488502502441
42,KARSEIN,1,1,"[0, 1, 2]",32,"[32, 32]","[6, 6, 6]",10,1,ml-1m,CTR,6,512,0.001,0.004,1e-05,0.9,None,1,0.8534236374172007,0.31677767634391785
42,KARSEIN,1,1,"[0, 1, 2]",16,"[32, 32]","[6, 6, 6]",10,2,ml-1m,CTR,6,512,0.01,0.002,1e-05,0.9,None,0,0.8514461337834991,0.3189959555864334
42,KARSEIN,1,1,"[0, 1, 2]",16,"[32, 32]","[6, 6, 6]",10,2,ml-1m,CTR,6,512,0.001,0.002,1e-05,0.9,None,1,0.8526855911700663,0.31771421283483503
42,KARSEIN,1,1,"[0, 1, 2]",32,"[32, 32]","[6, 6, 6]",10,2,ml-1m,CTR,6,512,0.01,0.002,1e-05,0.9,None,0,0.8527364940907018,0.3173199206590652
42,KARSEIN,1,1,"[0, 1, 2]",32,"[32, 32]","[6, 6, 6]",10,2,ml-1m,CTR,6,512,0.001,0.002,1e-05,0.9,None,1,0.8516096820709542,0.31849297136068344
42,KARSEIN,1,1,"[0, 1, 2]",16,"[32, 32]","[6, 6, 6]",10,2,ml-1m,CTR,6,512,0.01,0.003,1e-05,0.9,None,0,0.8529327003661743,0.3177207112312317
42,KARSEIN,1,1,"[0, 1, 2]",16,"[32, 32]","[6, 6, 6]",10,2,ml-1m,CTR,6,512,0.001,0.003,1e-05,0.9,None,1,0.8531806684861412,0.31735029220581057
42,KARSEIN,1,1,"[0, 1, 2]",32,"[32, 32]","[6, 6, 6]",10,2,ml-1m,CTR,6,512,0.01,0.003,1e-05,0.9,None,0,0.854297803560843,0.3161013051867485
42,KARSEIN,1,1,"[0, 1, 2]",32,"[32, 32]","[6, 6, 6]",10,2,ml-1m,CTR,6,512,0.001,0.003,1e-05,0.9,None,1,0.854023540948206,0.3164063051342964
42,KARSEIN,1,1,"[0, 1, 2]",16,"[32, 32]","[6, 6, 6]",10,2,ml-1m,CTR,6,512,0.01,0.004,1e-05,0.9,None,0,0.8533917237159393,0.31719444543123243
42,KARSEIN,1,1,"[0, 1, 2]",16,"[32, 32]","[6, 6, 6]",10,2,ml-1m,CTR,6,512,0.001,0.004,1e-05,0.9,None,1,0.8535664938079099,0.31719969362020495
42,KARSEIN,1,1,"[0, 1, 2]",32,"[32, 32]","[6, 6, 6]",10,2,ml-1m,CTR,6,512,0.01,0.004,1e-05,0.9,None,0,0.8538385115077787,0.3164647430181503
42,KARSEIN,1,1,"[0, 1, 2]",32,"[32, 32]","[6, 6, 6]",10,2,ml-1m,CTR,6,512,0.001,0.004,1e-05,0.9,None,1,0.853736283692269,0.3165896415710449
42,KARSEIN,1,1,"[0, 1, 2]",16,"[32, 32]","[6, 6, 6]",10,3,ml-1m,CTR,6,512,0.01,0.002,1e-05,0.9,None,0,0.8514017313103478,0.31907485127449037
42,KARSEIN,1,1,"[0, 1, 2]",16,"[32, 32]","[6, 6, 6]",10,3,ml-1m,CTR,6,512,0.001,0.002,1e-05,0.9,None,1,0.8509127686798006,0.31930490136146544
42,KARSEIN,1,1,"[0, 1, 2]",32,"[32, 32]","[6, 6, 6]",10,3,ml-1m,CTR,6,512,0.01,0.002,1e-05,0.9,None,0,0.8524743058535446,0.31766138076782224
42,KARSEIN,1,1,"[0, 1, 2]",32,"[32, 32]","[6, 6, 6]",10,3,ml-1m,CTR,6,512,0.001,0.002,1e-05,0.9,None,1,0.8519876705298731,0.3182254895567894
42,KARSEIN,1,1,"[0, 1, 2]",16,"[32, 32]","[6, 6, 6]",10,3,ml-1m,CTR,6,512,0.01,0.003,1e-05,0.9,None,0,0.8525299459997374,0.31799580752849577
42,KARSEIN,1,1,"[0, 1, 2]",16,"[32, 32]","[6, 6, 6]",10,3,ml-1m,CTR,6,512,0.001,0.003,1e-05,0.9,None,1,0.8528923653429258,0.31748677641153333
42,KARSEIN,1,1,"[0, 1, 2]",32,"[32, 32]","[6, 6, 6]",10,3,ml-1m,CTR,6,512,0.01,0.003,1e-05,0.9,None,0,0.8541144973801688,0.3162690043449402
42,KARSEIN,1,1,"[0, 1, 2]",32,"[32, 32]","[6, 6, 6]",10,3,ml-1m,CTR,6,512,0.001,0.003,1e-05,0.9,None,1,0.8538883891276609,0.3164884939789772
42,KARSEIN,1,1,"[0, 1, 2]",16,"[32, 32]","[6, 6, 6]",10,3,ml-1m,CTR,6,512,0.01,0.004,1e-05,0.9,None,0,0.8530717517858204,0.31748566329479216
42,KARSEIN,1,1,"[0, 1, 2]",16,"[32, 32]","[6, 6, 6]",10,3,ml-1m,CTR,6,512,0.001,0.004,1e-05,0.9,None,1,0.853089477002704,0.317444010078907
42,KARSEIN,1,1,"[0, 1, 2]",32,"[32, 32]","[6, 6, 6]",10,3,ml-1m,CTR,6,512,0.01,0.004,1e-05,0.9,None,0,0.8539896528759098,0.3164030000567436
